# Seconds,Charge (C)
0.0,0.00315605451
0.001,0.002861237442
0.002,0.002659362822
0.003,0.002390934024
0.004,0.002113918152
0.005,0.0018317291340000002
0.006,0.001541510418
0.007,0.001254165672
0.008,0.000955917258
0.009,0.000655944462
0.01,0.00035541429
0.011,6.6919956e-05
0.012,-0.00022214917199999998
0.013,-0.000495733698
0.014,-0.000764162496
0.015,-0.00102626856
0.016,-0.001274614404
0.017,-0.0015149305499999998
0.018,-0.00174206127
0.019,-0.0019628692559999997
0.02,-0.0021624795359999997
0.021,-0.002355192288
0.022,-0.002527822086
0.023,-0.002694721362
0.024,-0.002850159594
0.025,-0.002995268952
0.026,-0.003131773818
0.027,-0.003249920112
0.028,-0.003352024428
0.029,-0.0034478060100000003
0.03,-0.0035372822760000003
0.031,-0.003609549558
0.032,-0.0036669070319999995
0.033,-0.003711061662
0.034,-0.003740306484
0.035,-0.0037529345339999995
0.036,-0.003754658916
0.037,-0.0037380247259999996
0.038,-0.003706480728
0.039,-0.003665757444
0.04,-0.00360151986
0.041,-0.003528677784
0.042,-0.0034076575200000002
0.043,-0.0033256361579999997
0.044,-0.00317652066
0.045,-0.0030428723459999998
0.046,-0.0028771226579999997
0.047,-0.0027010440959999997
0.048,-0.002498577264
0.049,-0.002288655528
0.05,-0.0020626743959999997
0.051,-0.001820059074
0.052,-0.0015671322959999998
0.053,-0.0012935477699999999
0.054,-0.0010159396859999999
0.055,-0.000733175874
0.056,-0.00044468154
0.057,-0.000144151368
0.058,0.000153522252
0.059,0.000454069842
0.06,0.000749444286
0.061,0.001029908922
0.062,0.0013143796979999999
0.063,0.0015810841140000002
0.064,0.00185179467
0.065,0.00211219377
0.066,0.002364545754
0.067,0.002605436694
0.068,0.002833717002
0.069,0.003052818024
0.07,0.003258716202
0.071,0.0034445488439999996
0.072,0.003633812832
0.073,0.003803011284
0.074,0.003954425958
0.075,0.0041041162499999995
0.076,0.004233741006
0.077,0.004350180336
0.078,0.00446144652
0.079,0.0045532045439999995
0.08,0.004631777142
0.081,0.004708642776
0.082,0.00477288036
0.083,0.004814178438
0.084,0.004845722436
0.085,0.0048646383839999995
0.086,0.004868087148
0.087,0.004852027752
0.088,0.004822208136
0.089,0.0047768865
0.09,0.004717822062
0.091,0.004644979986
0.092,0.0045560785139999995
0.093,0.004438507014
0.094,0.00433124697
0.095,0.004179257502
0.096,0.003997448418
0.097,0.003810466188
0.098,0.00361545426
0.099,0.003408981288
0.1,0.003188748096
0.101,0.002953587678
0.102,0.002703517452
0.103,0.002431657308
0.104,0.002148318702
0.105,0.0018649975139999999
0.106,0.0015736292099999998
0.107,0.00128570967
0.108,0.000982305528
0.109,0.00068635629
0.11,0.0003858087
0.111,9.3308226e-05
0.112,-0.00019405393799999999
0.113,-0.000474518574
0.114,-0.0007440795419999999
0.115,-0.001001029878
0.116,-0.001247093964
0.117,-0.0014816621699999999
0.118,-0.001706493714
0.119,-0.001925594736
0.12,-0.002132067708
0.121,-0.0023270796359999998
0.122,-0.002508331344
0.123,-0.00267923676
0.124,-0.00283295061
0.125,-0.00298265832
0.126,-0.003118588392
0.127,-0.0032367346859999997
0.128,-0.003352024428
0.129,-0.0034409259
0.13,-0.003535557894
0.131,-0.0036003702719999997
0.132,-0.003670913172
0.133,-0.003701882376
0.134,-0.003727695852
0.135,-0.00374260566
0.136,-0.003747778806
0.137,-0.003736300344
0.138,-0.00371221125
0.139,-0.003671487966
0.14,-0.003613555698
0.141,-0.003536707482
0.142,-0.003413388042
0.143,-0.00334112076
0.144,-0.0032086394519999996
0.145,-0.003068685822
0.146,-0.0028966134
0.147,-0.002711930346
0.148,-0.002515211454
0.149,-0.002301840954
0.15,-0.0020821825559999996
0.151,-0.0018389924399999998
0.152,-0.0015917961839999998
0.153,-0.0013204934160000001
0.154,-0.001049208066
0.155,-0.00076874343
0.156,-0.00047794992
0.157,-0.000182000682
0.158,0.00012140346
0.159,0.00042195104999999996
0.16,0.000717325494
0.161,0.001008119004
0.162,0.00129258978
0.163,0.001567323894
0.164,0.001832878722
0.165,0.00209268561
0.166,0.002347354188
0.167,0.002584796364
0.168,0.0028142088419999996
0.169,0.0030292863059999996
0.17,0.003232902726
0.171,0.0034267650659999998
0.172,0.0036011192459999997
0.173,0.003780071778
0.174,0.00394239012
0.175,0.00408634989
0.176,0.004223986926
0.177,0.004349030748
0.178,0.0044562733739999996
0.179,0.00455262975
0.18,0.004642680809999999
0.181,0.004708642776
0.182,0.0047711559780000004
0.183,0.004814178438
0.184,0.004844572847999999
0.185,0.004857758274
0.186,0.004861207037999999
0.187,0.0048508781640000005
0.188,0.004820483754
0.189,0.004787790168
0.19,0.0047281335179999995
0.191,0.004662763764
0.192,0.00456926394
0.193,0.004436207838
0.194,0.004306583082
0.195,0.004153444026
0.196,0.004018663542
0.197,0.003840860598
0.198,0.0036475730519999997
0.199,0.00343421997
0.2,0.0032116876019999997
0.201,0.002972521044
0.202,0.002736211038
0.203,0.00245689599
0.204,0.00218561064
0.205,0.001897116306
0.206,0.0016137776999999999
0.207,0.0013138049039999999
0.208,0.001017280872
0.209,0.0007219064279999999
0.21,0.00042252584399999997
0.211,0.00013115754
0.212,-0.00015733679399999997
0.213,-0.000437226636
0.214,-0.00070508064
0.215,-0.00097235985
0.216,-0.001223562246
0.217,-0.0014638958099999998
0.218,-0.001690434318
0.219,-0.001908960546
0.22,-0.0021143013479999998
0.221,-0.002305289718
0.222,-0.002484817044
0.223,-0.0026551476659999996
0.224,-0.0028157416259999997
0.225,-0.0029591440200000003
0.226,-0.00309622368
0.227,-0.0032201004960000002
0.228,-0.00333711462
0.229,-0.0034300222319999995
0.23,-0.003520073292
0.231,-0.00359176578
0.232,-0.0036525546
0.233,-0.0036984510299999996
0.234,-0.00373572555
0.235,-0.003748336182
0.236,-0.0037472040119999996
0.237,-0.003734001168
0.238,-0.00370533114
0.239,-0.0036703383779999998
0.24,-0.003614130492
0.241,-0.003545311974
0.242,-0.0034334709959999996
0.243,-0.00334112076
0.244,-0.003225831018
0.245,-0.0030726919620000003
0.246,-0.002910391038
0.247,-0.0027320133
0.248,-0.0025421571
0.249,-0.002328804018
0.25,-0.002106846444
0.251,-0.001865938086
0.252,-0.001615310484
0.253,-0.00134458251
0.254,-0.0010807520639999999
0.255,-0.000785952414
0.256,-0.0004997572559999999
0.257,-0.000207239364
0.258,9.788916e-05
0.259,0.000394987986
0.26,0.0006932364
0.261,0.000977707176
0.262,0.0012633449579999999
0.263,0.001531181544
0.264,0.0018001851359999998
0.265,0.002061716406
0.266,0.0023186667419999997
0.267,0.002559557682
0.268,0.002796442482
0.269,0.0030138017039999998
0.27,0.00322372344
0.271,0.003413004846
0.272,0.003597113106
0.273,0.003768593316
0.274,0.00392976207
0.275,0.004078320192
0.276,0.004208502324
0.277,0.00433412094
0.278,0.004440213978
0.279,0.004542893088
0.28,0.00462892059
0.281,0.004707493188
0.282,0.004770581184
0.283,0.004818184578
0.284,0.004849153782
0.285,0.0048663627659999995
0.286,0.00487381767
0.287,0.004854901722
0.288,0.00483366918
0.289,0.004794670278
0.29,0.004737887598
0.291,0.004665045521999999
0.292,0.004574437085999999
0.293,0.004462021314
0.294,0.004360491792
0.295,0.004169503422
0.296,0.004039303872
0.297,0.0038672488679999998
0.298,0.003671087352
0.299,0.003461183034
0.3,0.0032455133579999997
0.301,0.003009795564
0.302,0.002760300132
0.303,0.002492446128
0.304,0.0022217355719999997
0.305,0.001933241238
0.306,0.001641315558
0.307,0.0013476480779999998
0.308,0.001045968318
0.309,0.0007465703159999999
0.31,0.000454069842
0.311,0.000162126744
0.312,-0.00011891268599999999
0.313,-0.00040110170399999996
0.314,-0.000672387054
0.315,-0.0009367922939999999
0.316,-0.001187437314
0.317,-0.001426029078
0.318,-0.001660039908
0.319,-0.00187626696
0.32,-0.002087338284
0.321,-0.0022834998
0.322,-0.0024710394059999996
0.323,-0.0026396630639999997
0.324,-0.002803130994
0.325,-0.00294938994
0.326,-0.00308359563
0.327,-0.003206340276
0.328,-0.003315307284
0.329,-0.003416836806
0.33,-0.003503439102
0.331,-0.003573407208
0.332,-0.003633638652
0.333,-0.0036886969499999997
0.334,-0.0037213905360000002
0.335,-0.003739749108
0.336,-0.0037466292179999996
0.337,-0.00374260566
0.338,-0.0037167921839999997
0.339,-0.00367894287
0.34,-0.003629615094
0.341,-0.003555048636
0.342,-0.0035407136219999997
0.343,-0.003332516268
0.344,-0.003238459068
0.345,-0.0030893261519999997
0.346,-0.002920702494
0.347,-0.002745198726
0.348,-0.002559366084
0.349,-0.002352318318
0.35,-0.002129211156
0.351,-0.0018791409299999998
0.352,-0.001647429276
0.353,-0.0013853057940000002
0.354,-0.0011134456499999998
0.355,-0.0008329810139999999
0.356,-0.0005347326
0.357,-0.000236484186
0.358,5.9465051999999996e-05
0.359,0.00036229439999999996
0.36,0.000659393226
0.361,0.000955917258
0.362,0.0012369566879999998
0.363,0.0015105412139999998
0.364,0.0017766708359999999
0.365,0.002039351694
0.366,0.00229630203
0.367,0.0025406243159999996
0.368,0.002760874926
0.369,0.0029839820879999997
0.37,0.0031893228899999996
0.371,0.0033889157519999998
0.372,0.003574730976
0.373,0.003750234744
0.374,0.003913702674
0.375,0.004060536414
0.376,0.004198765662
0.377,0.004327223412
0.378,0.004441363566000001
0.379,0.004538294736
0.38,0.004625471825999999
0.381,0.00469658952
0.382,0.004760827104
0.383,0.0048078557039999996
0.384,0.004841124084
0.385,0.004856033892
0.386,0.004872093288
0.387,0.0048640635899999994
0.388,0.004838267532
0.389,0.004808430498
0.39,0.004748216472
0.391,0.004686852858
0.392,0.004584748541999999
0.393,0.004490116548
0.394,0.0043616413800000005
0.395,0.0042624284519999995
0.396,0.004051357128
0.397,0.003880434294
0.398,0.0036969008279999997
0.399,0.003489853062
0.4,0.003269602452
0.401,0.003034459452
0.402,0.002787263196
0.403,0.002529163272
0.404,0.00225902751
0.405,0.00197511411
0.406,0.0016843205999999998
0.407,0.001391245332
0.408,0.001092422124
0.409,0.0007941737099999999
0.41,0.000494218332
0.411,0.000199976058
0.412,-9.0242658e-05
0.413,-0.000369557706
0.414,-0.000646573578
0.415,-0.00090582309
0.416,-0.0011576176980000001
0.417,-0.0014025147779999998
0.418,-0.001634801226
0.419,-0.001853902248
0.42,-0.002054644698
0.421,-0.002253087972
0.422,-0.002437196232
0.423,-0.0026121426239999997
0.424,-0.002772736584
0.425,-0.002928157398
0.426,-0.003064662264
0.427,-0.0031931374319999995
0.428,-0.003306127998
0.429,-0.0034065079319999998
0.43,-0.0035441623859999998
0.431,-0.0035688262739999995
0.432,-0.00363592041
0.433,-0.0036823916339999998
0.434,-0.0037213905360000002
0.435,-0.0037345759619999996
0.436,-0.0037374499319999996
0.437,-0.003732276786
0.438,-0.0037167921839999997
0.439,-0.003717941772
0.44,-0.003625608954
0.441,-0.003563653128
0.442,-0.0034437824519999998
0.443,-0.003370940376
0.444,-0.003244764384
0.445,-0.003103678584
0.446,-0.00295627005
0.447,-0.002768713026
0.448,-0.0025782994499999995
0.449,-0.002368952508
0.45,-0.0021481271039999997
0.451,-0.001915265862
0.452,-0.001669793988
0.453,-0.001415142828
0.454,-0.0011415583019999999
0.455,-0.0008570701079999999
0.456,-0.000570300156
0.457,-0.000273776124
0.458,2.3322701999999998e-05
0.459,0.00032157111599999996
0.46,0.000620969118
0.461,0.000910038246
0.462,0.0011968081979999998
0.463,0.001469243136
0.464,0.0017457016319999998
0.465,0.002011813836
0.466,0.0022693389659999997
0.467,0.002509080318
0.468,0.002741366766
0.469,0.002960467788
0.47,0.00316981473
0.471,0.003372281562
0.472,0.003555240234
0.473,0.0037330431780000003
0.474,0.00388961358
0.475,0.00404332743
0.476,0.004175233944
0.477,0.004306583082
0.478,0.004426453758
0.479,0.00452911545
0.48,0.00461916651
0.481,0.0046948825559999996
0.482,0.004757395758
0.483,0.00480614874
0.484,0.004845147642
0.485,0.0048646383839999995
0.486,0.004872093288
0.487,0.0048640635899999994
0.488,0.004839417119999999
0.489,0.004800975594
0.49,0.0047527974060000006
0.491,0.00455950986
0.492,0.004602532319999999
0.493,0.004530839832
0.494,0.004386305268
0.495,0.00422743569
0.496,0.004086907266
0.497,0.003913702674
0.498,0.0037209899220000003
0.499,0.003516241332
0.5,0.0033063195959999996
0.501,0.0030654286560000002
0.502,0.002814783636
0.503,0.002554401954
0.504,0.002280817428
0.505,0.002002651968
0.506,0.001713008046
0.507,0.001421064948
0.508,0.0011245409159999999
0.509,0.000829166472
0.51,0.000532067646
0.511,0.000233244438
0.512,-5.1226338e-05
0.513,-0.000327684834
0.514,-0.0006064250879999999
0.515,-0.000871405122
0.516,-0.0011312294280000001
0.517,-0.00137097078
0.518,-0.001606705992
0.519,-0.0018298131539999998
0.52,-0.002039160096
0.521,-0.0022404773399999998
0.522,-0.0024217116299999997
0.523,-0.002595508434
0.524,-0.00275953374
0.525,-0.0029063674800000002
0.526,-0.003044021934
0.527,-0.003173071896
0.528,-0.00328433808
0.529,-0.003390448536
0.53,-0.003484505736
0.531,-0.0035625209579999997
0.532,-0.003623884572
0.533,-0.003671487966
0.534,-0.003715660014
0.535,-0.0037345759619999996
0.536,-0.0037494857700000003
0.537,-0.003742030866
0.538,-0.003723114918
0.539,-0.0036806672519999997
0.54,-0.003623884572
0.541,-0.003557922606
0.542,-0.003495409404
0.543,-0.003352599222
0.544,-0.003255668052
0.545,-0.0030944992980000002
0.546,-0.002960850984
0.547,-0.0027905203619999997
0.548,-0.0025995145739999997
0.549,-0.002393041602
0.55,-0.002179671102
0.551,-0.001949109036
0.552,-0.0017179721759999998
0.553,-0.001438657128
0.554,-0.00116622219
0.555,-0.00087943482
0.556,-0.00059438925
0.557,-0.000294416454
0.558,-3.6229439999999996e-06
0.559,0.00029405067600000003
0.56,0.000594006054
0.561,0.000885374358
0.562,0.001170994722
0.563,0.001446878424
0.564,0.0017135828399999998
0.565,0.001977413286
0.566,0.0022337888279999997
0.567,0.002479260702
0.568,0.0027184272599999997
0.569,0.00294555798
0.57,0.003157204098
0.571,0.003359078718
0.572,0.0035426121840000002
0.573,0.0037152593999999995
0.574,0.0038787099119999995
0.575,0.004034722938
0.576,0.00417065301
0.577,0.0043008525599999995
0.578,0.004414992714
0.579,0.0045147804359999995
0.58,0.004603107114
0.581,0.004677673572
0.582,0.00474361812
0.583,0.004798693836000001
0.584,0.004842273671999999
0.585,0.004868087148
0.586,0.004881847368
0.587,0.004872668082000001
0.588,0.0048503033700000005
0.589,0.0048095800860000005
0.59,0.004769431596
0.591,0.0046948825559999996
0.592,0.004622615274
0.593,0.00451248126
0.594,0.00439778373
0.595,0.004293397656
0.596,0.004093804794
0.597,0.0039268881
0.598,0.003735324936
0.599,0.0035397556319999995
0.6,0.00332352858
0.601,0.0030935238900000003
0.602,0.00284462067
0.603,0.002591676474
0.604,0.00231694236
0.605,0.0020353281359999998
0.606,0.001746833802
0.607,0.0014520341519999999
0.608,0.001154360532
0.609,0.000854979948
0.61,0.000552707976
0.611,0.000260207502
0.612,-2.7137244e-05
0.613,-0.000307044504
0.614,-0.0005800542359999999
0.615,-0.0008444594759999999
0.616,-0.0010962366660000002
0.617,-0.00134057637
0.618,-0.001575161994
0.619,-0.001798269156
0.62,-0.0020133466199999998
0.621,-0.0022100829299999997
0.622,-0.002414256726
0.623,-0.002580598626
0.624,-0.002746923108
0.625,-0.00289260726
0.626,-0.003037141824
0.627,-0.00316389261
0.628,-0.003278607558
0.629,-0.0033847180139999996
0.63,-0.003466164582
0.631,-0.0035510424959999997
0.632,-0.0036083999699999996
0.633,-0.00366230868
0.634,-0.0037070555219999995
0.635,-0.003731144616
0.636,-0.003744330042
0.637,-0.003742030866
0.638,-0.0037202409479999998
0.639,-0.003686397774
0.64,-0.003629615094
0.641,-0.003575706384
0.642,-0.0034879545
0.643,-0.003388724154
0.644,-0.0032677038899999998
0.645,-0.003104810754
0.646,-0.00297691038
0.647,-0.002801981406
0.648,-0.002620172322
0.649,-0.002418280284
0.65,-0.002198029674
0.651,-0.001970898954
0.652,-0.001727726256
0.653,-0.0014684767439999999
0.654,-0.0011937426299999999
0.655,-0.0009167267579999999
0.656,-0.000625933248
0.657,-0.000330558804
0.658,-3.0011213999999996e-05
0.659,0.000263064054
0.66,0.000564186438
0.661,0.0008578365
0.662,0.001142899488
0.663,0.001417616184
0.664,0.001688344158
0.665,0.001949875428
0.666,0.002209699734
0.667,0.00245689599
0.668,0.002696062548
0.669,0.002920319298
0.67,0.003137695938
0.671,0.0033378635939999997
0.672,0.003523121442
0.673,0.003699200004
0.674,0.0038660992799999998
0.675,0.004018663542
0.676,0.004155168408
0.677,0.004287074922
0.678,0.0044017898700000006
0.679,0.004506175944
0.68,0.0045979513860000005
0.681,0.004679397954
0.682,0.0047516478180000005
0.683,0.004822208136
0.684,0.004844572847999999
0.685,0.004868087148
0.686,0.004876116846
0.687,0.004870961118
0.688,0.004854901722
0.689,0.00482278293
0.69,0.004771730772
0.691,0.004707493188
0.692,0.004627196208
0.693,0.004551480162
0.694,0.004411543949999999
0.695,0.004232016624
0.696,0.00410986419
0.697,0.0039498450239999995
0.698,0.003763437588
0.699,0.003563844726
0.7,0.00335104902
0.701,0.0031227861299999997
0.702,0.002879596014
0.703,0.0026197891260000003
0.704,0.002351360328
0.705,0.002068021722
0.706,0.001781826564
0.707,0.001484152944
0.708,0.001190502882
0.709,0.000889380498
0.71,0.0005951556419999999
0.711,0.00029405067600000003
0.712,6.1137180000000005e-06
0.713,-0.000269752566
0.714,-0.00054448668
0.715,-0.00080889192
0.716,-0.001064117874
0.717,-0.0013141881
0.718,-0.0015533546579999998
0.719,-0.0017776114079999998
0.72,-0.00198983232
0.721,-0.002189425182
0.722,-0.002379281382
0.723,-0.00255478515
0.724,-0.002721684426
0.725,-0.0028765478639999997
0.726,-0.003018783252
0.727,-0.0031472584199999996
0.728,-0.003256242846
0.729,-0.003365209854
0.73,-0.0034523869439999997
0.731,-0.0035389892399999997
0.732,-0.003606675588
0.733,-0.003666332238
0.734,-0.003703031964
0.735,-0.00373285158
0.736,-0.00374260566
0.737,-0.003740306484
0.738,-0.0037213905360000002
0.739,-0.0036886969499999997
0.74,-0.003643950108
0.741,-0.003569975862
0.742,-0.003482781354
0.743,-0.0033755387279999997
0.744,-0.003284912874
0.745,-0.003136929546
0.746,-0.0030027238559999997
0.747,-0.002821489566
0.748,-0.0026408126519999998
0.749,-0.00244121979
0.75,-0.0022284240839999998
0.751,-0.00199671243
0.752,-0.001750665762
0.753,-0.001485685728
0.754,-0.0012201309
0.755,-0.0009430976099999999
0.756,-0.00064542399
0.757,-0.00036210280199999994
0.758,-6.6153564e-05
0.759,0.000235543614
0.76,0.000530343264
0.761,0.000829166472
0.762,0.0011107806959999998
0.763,0.0013895209499999999
0.764,0.00165392619
0.765,0.001923487158
0.766,0.00218273667
0.767,0.002431657308
0.768,0.0026725482479999997
0.769,0.00289852938
0.77,0.0031130320499999998
0.771,0.003319505022
0.772,0.0035053376640000002
0.773,0.003684290196
0.774,0.003847740708
0.775,0.004002604146
0.776,0.004149437886
0.777,0.00427045815
0.778,0.00439090362
0.779,0.0044947149
0.78,0.0045933530339999995
0.781,0.004671368255999999
0.782,0.004737312804
0.783,0.004792945896000001
0.784,0.0048313874219999995
0.785,0.0048652131779999995
0.786,0.004875542052
0.787,0.00488069778
0.788,0.004861207037999999
0.789,0.00483366918
0.79,0.004778036088
0.791,0.004719546444
0.792,0.004641531222
0.793,0.004550347991999999
0.794,0.004426453758
0.795,0.004247501226
0.796,0.004132228902
0.797,0.003965329626
0.798,0.003780646572
0.799,0.003586209438
0.8,0.0033751381139999997
0.801,0.0031508813639999998
0.802,0.00290941563
0.803,0.002647309566
0.804,0.002381179944
0.805,0.00209956572
0.806,0.0018122209739999998
0.807,0.001518570912
0.808,0.0012231964679999998
0.809,0.000923798466
0.81,0.000627849228
0.811,0.00032902602
0.812,3.823251e-05
0.813,-0.000243364296
0.814,-0.000515816652
0.815,-0.0007790723039999999
0.816,-0.001036597434
0.817,-0.0012837936900000001
0.818,-0.001522385454
0.819,-0.001750665762
0.82,-0.0019640188439999998
0.821,-0.002168784852
0.822,-0.002355767082
0.823,-0.00247849431
0.824,-0.0027010440959999997
0.825,-0.002858189292
0.826,-0.003005023032
0.827,-0.003132348612
0.828,-0.0032550932579999995
0.829,-0.00335087484
0.83,-0.003447231216
0.831,-0.00352522902
0.832,-0.0035808621119999997
0.833,-0.003649698048
0.834,-0.003696726648
0.835,-0.003722540124
0.836,-0.0037351507559999996
0.837,-0.00373572555
0.838,-0.003717941772
0.839,-0.0036950022659999996
0.84,-0.003653129394
0.841,-0.003641093556
0.842,-0.003516624528
0.843,-0.003379544868
0.844,-0.00329409216
0.845,-0.003136929546
0.846,-0.003004448238
0.847,-0.002840405514
0.848,-0.0026585964299999996
0.849,-0.002460153156
0.85,-0.0022404773399999998
0.851,-0.002019651936
0.852,-0.0017810601719999999
0.853,-0.0015286907699999998
0.854,-0.001257980214
0.855,-0.000978665166
0.856,-0.000693602178
0.857,-0.000396503352
0.858,-9.997932000000001e-05
0.859,0.000199976058
0.86,0.000498799266
0.861,0.0007958980919999999
0.862,0.001086116808
0.863,0.0013648570619999999
0.864,0.001635567618
0.865,0.00189882327
0.866,0.00215922237
0.867,0.0024058438319999997
0.868,0.0026421538379999996
0.869,0.002867560176
0.87,0.0030843620219999997
0.871,0.003286811436
0.872,0.003480673776
0.873,0.0036596263079999997
0.874,0.003828249966
0.875,0.0039899935139999995
0.876,0.004132803696
0.877,0.004265859798
0.878,0.00438515568
0.879,0.004490691342
0.88,0.004584748541999999
0.881,0.004667344698
0.882,0.0047327318699999996
0.883,0.0047906641379999995
0.884,0.004831944798
0.885,0.004857758274
0.886,0.00487381767
0.887,0.004871535912
0.888,0.004859482656
0.889,0.004832519592000001
0.89,0.004791796308000001
0.891,0.004735031046
0.892,0.004648986126
0.893,0.004546899228
0.894,0.004441363566000001
0.895,0.0043616413800000005
0.896,0.004179832295999999
0.897,0.003992275272
0.898,0.003809891394
0.899,0.003610298532
0.9,0.003399802002
0.901,0.003168665142
0.902,0.002944408392
0.903,0.0026828771219999997
0.904,0.002420178846
0.905,0.00213971421
0.906,0.001849512912
0.907,0.001561018578
0.908,0.0012616205759999998
0.909,0.000962222574
0.91,0.00066284199
0.911,0.000364593576
0.912,7.437486000000001e-05
0.913,-0.000212395092
0.914,-0.00048597961799999996
0.915,-0.000758414556
0.916,-0.00101250834
0.917,-0.001261428978
0.918,-0.00149429022
0.919,-0.0017219783160000001
0.92,-0.0019422289259999998
0.921,-0.002142396582
0.922,-0.0023328101579999996
0.923,-0.002515211454
0.924,-0.0026798115539999998
0.925,-0.002843854278
0.926,-0.002988963636
0.927,-0.003118013598
0.928,-0.003239033862
0.929,-0.00334800087
0.93,-0.003442075488
0.931,-0.00351834891
0.932,-0.00359176578
0.933,-0.0036428179379999997
0.934,-0.003686397774
0.935,-0.0037162173899999997
0.936,-0.0037380247259999996
0.937,-0.0037345759619999996
0.938,-0.0037219653300000002
0.939,-0.003697301442
0.94,-0.0036548537759999995
0.941,-0.003592340574
0.942,-0.00352810299
0.943,-0.0034615662299999996
0.944,-0.003306702792
0.945,-0.003195436608
0.946,-0.00302280681
0.947,-0.0028604884680000003
0.948,-0.00267235665
0.949,-0.002479069104
0.95,-0.0022697221620000003
0.951,-0.002040309684
0.952,-0.001808023236
0.953,-0.0015510729
0.954,-0.0012900990059999998
0.955,-0.001008484782
0.956,-0.000723439212
0.957,-0.00043092132000000004
0.958,-0.000132098112
0.959,0.000169581648
0.96,0.00046897965
0.961,0.000765503682
0.962,0.0010476927
0.963,0.0013321634759999998
0.964,0.0016028740319999999
0.965,0.001873027212
0.966,0.002128253166
0.967,0.002375449422
0.968,0.002615765568
0.969,0.0028388727299999998
0.97,0.0030631294799999998
0.971,0.003267895488
0.972,0.0034279146539999998
0.973,0.003645866088
0.974,0.003813914952
0.975,0.0039699105600000005
0.976,0.004115594712
0.977,0.00424807602
0.978,0.004371970253999999
0.979,0.004480362468
0.98,0.004574437085999999
0.981,0.00463980684
0.982,0.004722977789999999
0.983,0.004780910057999999
0.984,0.004825064687999999
0.985,0.004856608686
0.986,0.004871535912
0.987,0.004882996955999999
0.988,0.004872093288
0.989,0.004839417119999999
0.99,0.004792945896000001
0.991,0.004726426554
0.992,0.004661614176
0.993,0.004564108212
0.994,0.004451692439999999
0.995,0.00429397245
0.996,0.0041872872
0.997,0.00400718508
0.998,0.0038293995539999998
0.999,0.003629806692
1.0,0.003425040684
1.001,0.0032036579040000002
1.002,0.002971371456
1.003,0.0027132715319999998
1.004,0.0024454175279999997
1.005,0.002163245928
1.006,0.0018856378439999998
1.007,0.00159313737
1.008,0.00129546375
1.009,0.0009995145119999999
1.01,0.0006966677459999999
1.011,0.00039843675
1.012,0.000105344064
1.013,-0.000175120572
1.014,-0.000455585208
1.015,-0.000723439212
1.016,-0.0009792399599999999
1.017,-0.001227585804
1.018,-0.001464453186
1.019,-0.0016950326699999999
1.02,-0.00191240931
1.021,-0.002115433518
1.022,-0.002312744622
1.023,-0.0024951285
1.024,-0.002666051334
1.025,-0.0028260705
1.026,-0.002971179858
1.027,-0.003104810754
1.028,-0.003221824878
1.029,-0.00333136668
1.03,-0.003419693358
1.031,-0.0035103192119999996
1.032,-0.0035820116999999998
1.033,-0.0036399439679999997
1.034,-0.0036829664279999998
1.035,-0.003714510426
1.036,-0.0037380247259999996
1.037,-0.00373572555
1.038,-0.0037213905360000002
1.039,-0.00370533114
1.04,-0.003658877334
1.041,-0.00360151986
1.042,-0.0035349831
1.043,-0.003449530392
1.044,-0.0033170316659999997
1.045,-0.0031937122259999996
1.046,-0.0030434471399999998
1.047,-0.0028794044159999995
1.048,-0.002699319714
1.049,-0.002505457374
1.05,-0.0022955356379999996
1.051,-0.002040309684
1.052,-0.0018269391839999998
1.053,-0.001580317722
1.054,-0.001311888924
1.055,-0.001041178368
1.056,-0.000757264968
1.057,-0.00046418969999999996
1.058,-0.00016881525599999998
1.059,0.000134588886
1.06,0.000437435652
1.061,0.000735109272
1.062,0.00102130443
1.063,0.001301194272
1.064,0.0015736292099999998
1.065,0.0018386092439999998
1.066,0.002101290102
1.067,0.002362263996
1.068,0.0025934008559999997
1.069,0.002825687304
1.07,0.003034459452
1.071,0.003246662946
1.072,0.0034382261099999995
1.073,0.003618903024
1.074,0.0037955563799999996
1.075,0.003955000752
1.076,0.004106415426
1.077,0.004240046322
1.078,0.004360491792
1.079,0.004466027454
1.08,0.004566982182
1.081,0.004646129574
1.082,0.004719546444
1.083,0.004779185676
1.084,0.004823357724
1.085,0.004859482656
1.086,0.004871535912
1.087,0.004877841228
1.088,0.0048646383839999995
1.089,0.004844572847999999
1.09,0.004804999152
1.091,0.0047505156479999994
1.092,0.004671368255999999
1.093,0.004586472924
1.094,0.004470625805999999
1.095,0.004369671078
1.096,0.004229734866
1.097,0.004031274174
1.098,0.003855195612
1.099,0.0036596263079999997
1.1,0.003450279366
1.101,0.003223148646
1.102,0.002992011786
1.103,0.002740791972
1.104,0.002481559878
1.105,0.002208550146
1.106,0.001918906224
1.107,0.0016275379199999999
1.108,0.001329306924
1.109,0.00103506465
1.11,0.000735684066
1.111,0.000432262506
1.112,0.00014204379
1.113,-0.000144151368
1.114,-0.00042519079799999994
1.115,-0.000697050942
1.116,-0.000956300454
1.117,-0.001209227232
1.118,-0.0014426632679999999
1.119,-0.001668069606
1.12,-0.0018831470699999999
1.121,-0.00211027779
1.122,-0.002285206764
1.123,-0.0024710394059999996
1.124,-0.002643686622
1.125,-0.002804280582
1.126,-0.002950539528
1.127,-0.003084170424
1.128,-0.003211496004
1.129,-0.00332048043
1.13,-0.00341854377
1.131,-0.003503439102
1.132,-0.003575706384
1.133,-0.003623884572
1.134,-0.00367894287
1.135,-0.003708762486
1.136,-0.003730569822
1.137,-0.003736300344
1.138,-0.003723689712
1.139,-0.003701882376
1.14,-0.003657152952
1.141,-0.003607250382
1.142,-0.003540138828
1.143,-0.003404208756
1.144,-0.003322187394
1.145,-0.00321092121
1.146,-0.003068111028
1.147,-0.0028966134
1.148,-0.002721109632
1.149,-0.0025232411519999997
1.15,-0.00231790035
1.151,-0.00208963746
1.152,-0.001863081534
1.153,-0.0016061311979999999
1.154,-0.001345732098
1.155,-0.001070440608
1.156,-0.0007876767959999999
1.157,-0.000496308492
1.158,-0.00019748528400000001
1.159,0.00010591885799999998
1.16,0.00040702382399999997
1.161,0.000700691304
1.162,0.000992616984
1.163,0.001266776304
1.164,0.001546091352
1.165,0.001808214834
1.166,0.00207491925
1.167,0.0023284208219999996
1.168,0.002569886556
1.169,0.002794143306
1.17,0.003017250468
1.171,0.003223148646
1.172,0.003418160574
1.173,0.0036114481199999997
1.174,0.003784077918
1.175,0.003944097084
1.176,0.004085775096
1.177,0.004221130374
1.178,0.004346731572
1.179,0.004457997756
1.18,0.0045532045439999995
1.181,0.0046380998760000005
1.182,0.004697739108
1.183,0.004767149838
1.184,0.00482278293
1.185,0.004852602546
1.186,0.004872668082000001
1.187,0.004885296132
1.188,0.00487381767
1.189,0.004845722436
1.19,0.004805573946
1.191,0.004745917295999999
1.192,0.004677098778
1.193,0.0045973765920000005
1.194,0.004477505916
1.195,0.004351887299999999
1.196,0.004175233944
1.197,0.004047908364
1.198,0.003874703772
1.199,0.0036808414320000002
1.2,0.003473793666
1.201,0.003259290996
1.202,0.0030212566079999997
1.203,0.002768904624
1.204,0.0025033497959999996
1.205,0.002234363622
1.206,0.001951025016
1.207,0.001658507124
1.208,0.0013614257159999998
1.209,0.00106545906
1.21,0.0007591983659999999
1.211,0.00046267433399999996
1.212,0.00017245561799999999
1.213,-0.000115463922
1.214,-0.00038619189600000003
1.215,-0.000659201628
1.216,-0.000919008516
1.217,-0.001169078742
1.218,-0.0014185741739999999
1.219,-0.001645704894
1.22,-0.001867662468
1.221,-0.002068979712
1.222,-0.002266290816
1.223,-0.0024521234579999995
1.224,-0.002630483778
1.225,-0.002791652532
1.226,-0.002938486272
1.227,-0.003074416344
1.228,-0.003197735784
1.229,-0.003300397476
1.23,-0.003400202616
1.231,-0.0034879545
1.232,-0.003563653128
1.233,-0.0036267585419999995
1.234,-0.0036795176639999997
1.235,-0.003711061662
1.236,-0.0037294202339999997
1.237,-0.003739174314
1.238,-0.0037265462639999997
1.239,-0.003708762486
1.24,-0.003670913172
1.241,-0.00361528008
1.242,-0.0035326839239999998
1.243,-0.0033038462399999995
1.244,-0.003321055224
1.245,-0.0032201004960000002
1.246,-0.00309047574
1.247,-0.002920702494
1.248,-0.0027417673799999998
1.249,-0.002547330246
1.25,-0.0023442886199999996
1.251,-0.002119457076
1.252,-0.001867662468
1.253,-0.001637100402
1.254,-0.001376126508
1.255,-0.001103116776
1.256,-0.0008151972360000001
1.257,-0.000522121968
1.258,-0.000224448348
1.259,7.2650478e-05
1.26,0.000374905032
1.261,0.000665698542
1.262,0.000955917258
1.263,0.001238106276
1.264,0.001511690802
1.265,0.001780102182
1.266,0.002042800458
1.267,0.0022997333760000002
1.268,0.002538342558
1.269,0.002772353388
1.27,0.00298858044
1.271,0.003205939662
1.272,0.003406682112
1.273,0.003593664342
1.274,0.003765736764
1.275,0.003918858402
1.276,0.0040685661120000004
1.277,0.0042056457719999996
1.278,0.004332396558
1.279,0.004443662742
1.28,0.004544025257999999
1.281,0.0046329267300000004
1.282,0.004705194011999999
1.283,0.004765425456
1.284,0.004812454056
1.285,0.0048503033700000005
1.286,0.004879565609999999
1.287,0.004885870926
1.288,0.00488069778
1.289,0.00485317734
1.29,0.004807298328
1.291,0.004757970552
1.292,0.004686852858
1.293,0.0045985261800000005
1.294,0.00450560115
1.295,0.004365090144
1.296,0.004249225608
1.297,0.004051357128
1.298,0.0038907631679999995
1.299,0.003698050416
1.3,0.003496733172
1.301,0.003278781738
1.302,0.003048794466
1.303,0.0027998738279999998
1.304,0.002533744206
1.305,0.002266482414
1.306,0.001976263698
1.307,0.001688344158
1.308,0.0013889461559999999
1.309,0.001088415984
1.31,0.000792449328
1.311,0.000495925296
1.312,0.00020055085199999998
1.313,-8.334513e-05
1.314,-0.00036037842
1.315,-0.000629364594
1.316,-0.000894919422
1.317,-0.001147863618
1.318,-0.00138760497
1.319,-0.001623340182
1.32,-0.001839567234
1.321,-0.002055219492
1.322,-0.002251381008
1.323,-0.002438920614
1.324,-0.00261156783
1.325,-0.002771012202
1.326,-0.002925300846
1.327,-0.00306008133
1.328,-0.0031788024179999997
1.329,-0.00329121819
1.33,-0.003391598124
1.331,-0.0034822239779999996
1.332,-0.0035590721939999996
1.333,-0.003619861014
1.334,-0.003670913172
1.335,-0.0037036067579999995
1.336,-0.003732276786
1.337,-0.00373572555
1.338,-0.0037282706459999997
1.339,-0.003705905934
1.34,-0.0036686139959999997
1.341,-0.003621010602
1.342,-0.0035424380039999997
1.343,-0.0034248665039999997
1.344,-0.003337671996
1.345,-0.003239033862
1.346,-0.003078439902
1.347,-0.002936187096
1.348,-0.002754952806
1.349,-0.002565114024
1.35,-0.002359773222
1.351,-0.002145270552
1.352,-0.0019112597219999997
1.353,-0.0016588903200000001
1.354,-0.001399658226
1.355,-0.0011254989059999998
1.356,-0.000842735094
1.357,-0.000546785856
1.358,-0.000257716728
1.359,4.283086199999999e-05
1.36,0.00034165407
1.361,0.000637028514
1.362,0.0009335525459999999
1.363,0.001213442388
1.364,0.0014893260899999999
1.365,0.001754306124
1.366,0.002015837394
1.367,0.002268764172
1.368,0.00251768481
1.369,0.0027511208459999998
1.37,0.00297194625
1.371,0.0031858741259999995
1.372,0.0033843174
1.373,0.003570150042
1.374,0.003747952986
1.375,0.0039045233879999998
1.376,0.004058237238
1.377,0.004199897832
1.378,0.004320918096
1.379,0.004430477315999999
1.38,0.004531989419999999
1.381,0.00461916651
1.382,0.004700613078000001
1.383,0.004763701073999999
1.384,0.004815328026
1.385,0.004847446818
1.386,0.00487669164
1.387,0.004883571749999999
1.388,0.004878990816
1.389,0.004849153782
1.39,0.00481990896
1.391,0.004764275868
1.392,0.004690858998
1.393,0.004610562018
1.394,0.004474057151999999
1.395,0.00438802965
1.396,0.0042796200179999995
1.397,0.004078877568
1.398,0.003912553086
1.399,0.003726720444
1.4,0.003519672678
1.401,0.003308043978
1.402,0.003066578244
1.403,0.002821663746
1.404,0.002560132476
1.405,0.0022911463019999996
1.406,0.0020089572839999997
1.407,0.001717014186
1.408,0.001421064948
1.409,0.001118810394
1.41,0.000825142914
1.411,0.000523463154
1.412,0.000233819232
1.413,-5.0668962e-05
1.414,-0.00033226576799999996
1.415,-0.000605850294
1.416,-0.000867398982
1.417,-0.001122050142
1.418,-0.0013669646399999999
1.419,-0.001599825882
1.42,-0.0018217834560000001
1.421,-0.002030555604
1.422,-0.002235321612
1.423,-0.002418280284
1.424,-0.0025960832280000003
1.425,-0.0027532284239999995
1.426,-0.0029098162440000003
1.427,-0.00304632111
1.428,-0.003173071896
1.429,-0.00328146411
1.43,-0.00337839528
1.431,-0.003477050832
1.432,-0.003545311974
1.433,-0.003614705286
1.434,-0.003667481826
1.435,-0.003704181552
1.436,-0.0037317194099999998
1.437,-0.0037345759619999996
1.438,-0.0037288454399999997
1.439,-0.0037093372800000002
1.44,-0.003675511524
1.441,-0.003625608954
1.442,-0.0035590721939999996
1.443,-0.0034701707219999996
1.444,-0.0033267857459999997
1.445,-0.003244764384
1.446,-0.00309047574
1.447,-0.00294938994
1.448,-0.002773886172
1.449,-0.0025840299720000003
1.45,-0.002379281382
1.451,-0.002168784852
1.452,-0.0019313252579999998
1.453,-0.001687002972
1.454,-0.001423172526
1.455,-0.001159324662
1.456,-0.000873129504
1.457,-0.0005823359939999999
1.458,-0.00028753634399999995
1.459,1.2436451999999999e-05
1.46,0.000310110072
1.461,0.000610640244
1.462,0.0009020085479999999
1.463,0.0011887785
1.464,0.0014617882319999998
1.465,0.0017302170300000001
1.466,0.0019951796459999997
1.467,0.002252129982
1.468,0.0024976192739999997
1.469,0.002729905722
1.47,0.002951863296
1.471,0.003164084208
1.472,0.003362527482
1.473,0.003554090646
1.474,0.003731318796
1.475,0.003895918896
1.476,0.004051357128
1.477,0.004180981884
1.478,0.004312888398
1.479,0.004423022412
1.48,0.004531414626
1.481,0.00461516037
1.482,0.0046948825559999996
1.483,0.004760827104
1.484,0.004803849563999999
1.485,0.004847446818
1.486,0.0048640635899999994
1.487,0.004861207037999999
1.488,0.004874392464
1.489,0.0048657879719999995
1.49,0.004825064687999999
1.491,0.004771730772
1.492,0.004707493188
1.493,0.004608837636
1.494,0.004550922785999999
1.495,0.004396059348
1.496,0.0042813443999999996
1.497,0.004109289396
1.498,0.003931486452
1.499,0.0037410728759999998
1.5,0.003537456456
1.501,0.003317223264
1.502,0.003087218574
1.503,0.0028451780459999997
1.504,0.002594550444
1.505,0.00232382247
1.506,0.00204165087
1.507,0.00174798339
1.508,0.001449734976
1.509,0.001154935326
1.51,0.000854405154
1.511,0.0005584559159999999
1.512,0.00026135709
1.513,-2.4280692e-05
1.514,-0.000311625438
1.515,-0.000585209964
1.516,-0.000850189998
1.517,-0.001101409812
1.518,-0.00134745648
1.519,-0.001574012406
1.52,-0.00179596998
1.521,-0.002004742128
1.522,-0.0022089333419999997
1.523,-0.0023993469180000004
1.524,-0.0025719941339999997
1.525,-0.002736594234
1.526,-0.0028863019439999997
1.527,-0.00302968692
1.528,-0.003158162088
1.529,-0.003274584
1.53,-0.003379544868
1.531,-0.003469595928
1.532,-0.00354874332
1.533,-0.003610124352
1.534,-0.003656578158
1.535,-0.003693852678
1.536,-0.0037173669779999997
1.537,-0.0037299950279999997
1.538,-0.0037259714699999997
1.539,-0.0036766436939999997
1.54,-0.003671487966
1.541,-0.003628465506
1.542,-0.003556773018
1.543,-0.00345869226
1.544,-0.00335087484
1.545,-0.003256242846
1.546,-0.003153563736
1.547,-0.0029654493359999997
1.548,-0.002814034662
1.549,-0.00260181375
1.55,-0.002397047742
1.551,-0.002182545072
1.552,-0.00194680986
1.553,-0.0017082180960000001
1.554,-0.001445537238
1.555,-0.001171952712
1.556,-0.000897218598
1.557,-0.000610448646
1.558,-0.000318505548
1.559,-2.3131104e-05
1.56,0.000279698244
1.561,0.0005750901059999999
1.562,0.0008704645499999999
1.563,0.001156659708
1.564,0.001440573108
1.565,0.001708409694
1.566,0.001974539316
1.567,0.002229190476
1.568,0.002479260702
1.569,0.002712121944
1.57,0.0029346543119999997
1.571,0.003147450018
1.572,0.0033401627699999998
1.573,0.0035334503159999997
1.574,0.00370550532
1.575,0.0038758533599999997
1.576,0.0040272680339999995
1.577,0.004170078216
1.578,0.00429397245
1.579,0.0044161248839999995
1.58,0.004521085752
1.581,0.004616867334
1.582,0.00469658952
1.583,0.00476025231
1.584,0.0048095800860000005
1.585,0.004845147642
1.586,0.004870961118
1.587,0.004877266434
1.588,0.004878990816
1.589,0.004856608686
1.59,0.0048262142759999994
1.591,0.004774029948
1.592,0.004705768805999999
1.593,0.004624322237999999
1.594,0.004509049914
1.595,0.0044184240599999995
1.596,0.004331821764
1.597,0.004132228902
1.598,0.003953851164
1.599,0.0037662941399999998
1.6,0.0035311511399999996
1.601,0.003353348196
1.602,0.00311991216
1.603,0.002874440286
1.604,0.002611759428
1.605,0.0023427558360000003
1.606,0.002060566818
1.607,0.001773222072
1.608,0.001481853768
1.609,0.001176167868
1.61,0.000892829262
1.611,0.000591149502
1.612,0.000302080374
1.613,8.987688e-06
1.614,-0.00027605788199999996
1.615,-0.000552516378
1.616,-0.0008151972360000001
1.617,-0.001068716226
1.618,-0.0013164872759999998
1.619,-0.0015533546579999998
1.62,-0.0017822097599999999
1.621,-0.001993281084
1.622,-0.002191149564
1.623,-0.0023815631399999996
1.624,-0.002549054628
1.625,-0.002714804316
1.626,-0.002870242548
1.627,-0.00301017876
1.628,-0.0031392287219999997
1.629,-0.003262548162
1.63,-0.0033617785080000003
1.631,-0.003456985296
1.632,-0.0035372822760000003
1.633,-0.003607250382
1.634,-0.003658877334
1.635,-0.00369557706
1.636,-0.003724821882
1.637,-0.003732276786
1.638,-0.0037317194099999998
1.639,-0.003711061662
1.64,-0.003674361936
1.641,-0.003626183748
1.642,-0.003564227922
1.643,-0.003498283374
1.644,-0.003431746614
1.645,-0.0032740092059999996
1.646,-0.003173071896
1.647,-0.00297978435
1.648,-0.002818040802
1.649,-0.002625902844
1.65,-0.002429166534
1.651,-0.002211232518
1.652,-0.001982377416
1.653,-0.001736330748
1.654,-0.001475356854
1.655,-0.001206945474
1.656,-0.0009259060439999999
1.657,-0.0006414178499999999
1.658,-0.000344319024
1.659,-4.894458e-05
1.66,0.000250453422
1.661,0.00054352869
1.662,0.000838345758
1.663,0.001122816534
1.664,0.001400999412
1.665,0.0016734343499999998
1.666,0.00193897176
1.667,0.002195922096
1.668,0.0024505906740000002
1.669,0.002688607644
1.67,0.0028755898739999996
1.671,0.00312966624
1.672,0.00332352858
1.673,0.0035122177739999997
1.674,0.0036917450999999998
1.675,0.003857494788
1.676,0.004017513954
1.677,0.004155168408
1.678,0.004281919194
1.679,0.004409244774
1.68,0.004498146246
1.681,0.004595077416
1.682,0.004677673572
1.683,0.004749940853999999
1.684,0.0048107296740000005
1.685,0.004848578988
1.686,0.004871535912
1.687,0.004877841228
1.688,0.004884146543999999
1.689,0.00486293142
1.69,0.004828513452
1.691,0.004784341403999999
1.692,0.00470921757
1.693,0.00462892059
1.694,0.004568689146
1.695,0.004430477315999999
1.696,0.004316337162
1.697,0.004135085454
1.698,0.003976215876
1.699,0.003791532822
1.7,0.003593089548
1.701,0.003371706768
1.702,0.003144001254
1.703,0.002904834696
1.704,0.002645585184
1.705,0.00237372504
1.706,0.00209268561
1.707,0.001805340864
1.708,0.001514547354
1.709,0.0012163163580000001
1.71,0.0009203497019999999
1.711,0.000625550052
1.712,0.000332474784
1.713,4.4555244e-05
1.714,-0.00024393909
1.715,-0.000519822792
1.716,-0.000788826384
1.717,-0.0010423279559999999
1.718,-0.001292398182
1.719,-0.001529265564
1.72,-0.0017563962839999999
1.721,-0.001969766784
1.722,-0.002172216198
1.723,-0.002363221986
1.724,-0.0025421571
1.725,-0.002703900648
1.726,-0.00285646491
1.727,-0.0030027238559999997
1.728,-0.00312661809
1.729,-0.00324706356
1.73,-0.003351449634
1.731,-0.0034437824519999998
1.732,-0.00352522902
1.733,-0.00359577192
1.734,-0.003650847636
1.735,-0.00369557706
1.736,-0.003720815742
1.737,-0.003731144616
1.738,-0.003733426374
1.739,-0.0037162173899999997
1.74,-0.003646824078
1.741,-0.003634213446
1.742,-0.003563653128
1.743,-0.0034759012440000003
1.744,-0.003361203714
1.745,-0.003289493808
1.746,-0.0031300494359999998
1.747,-0.003004448238
1.748,-0.002831801022
1.749,-0.002638513476
1.75,-0.00245097387
1.751,-0.002236453782
1.752,-0.002005316922
1.753,-0.001763276394
1.754,-0.0015097748220000002
1.755,-0.001235615502
1.756,-0.000958024836
1.757,-0.000672387054
1.758,-0.00037643781599999997
1.759,-7.933898999999999e-05
1.76,0.00021718504199999997
1.761,0.000516583044
1.762,0.0008090835179999999
1.763,0.001094146506
1.764,0.001368305826
1.765,0.001646471286
1.766,0.0019103017319999998
1.767,0.0021718330019999997
1.768,0.002421328434
1.769,0.002659362822
1.77,0.0028882005059999998
1.771,0.0031027031760000002
1.772,0.003304595214
1.773,0.0034996071419999995
1.774,0.0036751109099999995
1.775,0.003839136216
1.776,0.003996873624
1.777,0.004139683805999999
1.778,0.00427446429
1.779,0.004386880062
1.78,0.0044947149
1.781,0.004587622512
1.782,0.0046719256320000005
1.783,0.004743060744
1.784,0.004798119042
1.785,0.00484054929
1.786,0.0048698115299999995
1.787,0.004885296132
1.788,0.00488069778
1.789,0.0048657879719999995
1.79,0.004835393562
1.791,0.004788939756
1.792,0.00472585176
1.793,0.004651285302
1.794,0.004581317196
1.795,0.004441938360000001
1.796,0.004347306366
1.797,0.004152869232
1.798,0.003981963816
1.799,0.003801861696
1.8,0.0036022688339999998
1.801,0.003393496686
1.802,0.00316981473
1.803,0.0029346543119999997
1.804,0.002680577946
1.805,0.00240298728
1.806,0.002127103578
1.807,0.0018380344499999998
1.808,0.0015506897039999998
1.809,0.001255890054
1.81,0.0009719766539999999
1.811,0.000657668844
1.812,0.00035828826
1.813,6.634516199999999e-05
1.814,-0.00021927520199999998
1.815,-0.000495158904
1.816,-0.000763587702
1.817,-0.00101651448
1.818,-0.0012642855299999998
1.819,-0.001498871154
1.82,-0.001727726256
1.821,-0.00194280372
1.822,-0.002144695758
1.823,-0.0023328101579999996
1.824,-0.0025146366599999997
1.825,-0.0026821107300000003
1.826,-0.002842129896
1.827,-0.002992969776
1.828,-0.003117438804
1.829,-0.0032396086559999997
1.83,-0.003339971172
1.831,-0.003437477136
1.832,-0.003525803814
1.833,-0.003588317016
1.834,-0.00364166835
1.835,-0.0036852481859999996
1.836,-0.0037162173899999997
1.837,-0.00373572555
1.838,-0.0037265462639999997
1.839,-0.003717941772
1.84,-0.003688122156
1.841,-0.0036428179379999997
1.842,-0.0035825864939999998
1.843,-0.0035051634839999997
1.844,-0.0034116636599999996
1.845,-0.00329696613
1.846,-0.003202891512
1.847,-0.0030124779359999997
1.848,-0.0028455786599999996
1.849,-0.0026614703999999997
1.85,-0.0024618601199999997
1.851,-0.002252513178
1.852,-0.0020265494639999998
1.853,-0.001789664664
1.854,-0.001536163092
1.855,-0.001271740434
1.856,-0.000988419246
1.857,-0.0007068050219999999
1.858,-0.000415436718
1.859,-0.00012006227399999999
1.86,0.00017588696399999999
1.861,0.00047585975999999997
1.862,0.0007741081740000001
1.863,0.001068907824
1.864,0.0013505220479999999
1.865,0.0016263883319999999
1.866,0.0018856378439999998
1.867,0.002148893496
1.868,0.002394957582
1.869,0.002635273728
1.87,0.002865261
1.871,0.003078039288
1.872,0.0032810809140000003
1.873,0.003469787526
1.874,0.0036487226399999997
1.875,0.003817346298
1.876,0.003973359324
1.877,0.004121900027999999
1.878,0.0042578301
1.879,0.0043754015999999995
1.88,0.00452911545
1.881,0.00458589813
1.882,0.004669643874
1.883,0.004735031046
1.884,0.0047906641379999995
1.885,0.004835968356
1.886,0.004862356626
1.887,0.004877841228
1.888,0.004872668082000001
1.889,0.0048663627659999995
1.89,0.004835393562
1.891,0.004794670278
1.892,0.0047315822819999995
1.893,0.00465530886
1.894,0.004568689146
1.895,0.004457422962
1.896,0.004369096284
1.897,0.004193592516
1.898,0.004022112306
1.899,0.003831106518
1.9,0.00363208845
1.901,0.00342045975
1.902,0.0031916046480000002
1.903,0.002950713708
1.904,0.00270179307
1.905,0.002434531278
1.906,0.002158072782
1.907,0.0018718776239999998
1.908,0.0015793597320000001
1.909,0.001283410494
1.91,0.0009840299099999998
1.911,0.0006897876359999999
1.912,0.00039728716199999997
1.913,0.000108792828
1.914,-0.000176844954
1.915,-0.000455585208
1.916,-0.0007308941159999999
1.917,-0.0009907010039999998
1.918,-0.0012396216419999998
1.919,-0.0014776560299999998
1.92,-0.00170191278
1.921,-0.001923870354
1.922,-0.002127486774
1.923,-0.002321923908
1.924,-0.002499726852
1.925,-0.002671207062
1.926,-0.0028249209119999997
1.927,-0.0029660241299999997
1.928,-0.00309735585
1.929,-0.0032183761139999998
1.93,-0.00333136668
1.931,-0.003427723056
1.932,-0.0035143427699999997
1.933,-0.003584310876
1.934,-0.003637644792
1.935,-0.003684098598
1.936,-0.003718516566
1.937,-0.003739174314
1.938,-0.0037380247259999996
1.939,-0.0037253966759999996
1.94,-0.003699600618
1.941,-0.0036433927319999997
1.942,-0.003586035258
1.943,-0.003521797674
1.944,-0.003462715818
1.945,-0.0033141576959999997
1.946,-0.0031621682280000003
1.947,-0.003030836508
1.948,-0.002870242548
1.949,-0.0026889908399999997
1.95,-0.002495703294
1.951,-0.0022863563519999997
1.952,-0.0020626743959999997
1.953,-0.001822933044
1.954,-0.001568281884
1.955,-0.001302152262
1.956,-0.001021112832
1.957,-0.000736624638
1.958,-0.00044525633399999996
1.959,-0.00014988189
1.96,0.00014549255399999998
1.961,0.00044546535
1.962,0.00074313897
1.963,0.001032765474
1.964,0.001310373558
1.965,0.001585682466
1.966,0.001849512912
1.967,0.002112768564
1.968,0.0023599648199999997
1.969,0.0026042871060000003
1.97,0.002833717002
1.971,0.003054524988
1.972,0.003265596312
1.973,0.0034537281299999996
1.974,0.003632663244
1.975,0.0038041608719999996
1.976,0.003961880862
1.977,0.004105265838
1.978,0.004238339358
1.979,0.00436451535
1.98,0.00446832663
1.981,0.004567539557999999
1.982,0.0046518600959999995
1.983,0.004721253408
1.984,0.004783209234
1.985,0.0048308126279999995
1.986,0.004863506214
1.987,0.004885870926
1.988,0.004882422161999999
1.989,0.00486293142
1.99,0.004839974496
1.991,0.004800975594
1.992,0.004741911156
1.993,0.0046725004260000005
1.994,0.004579592814
1.995,0.004463170902
1.996,0.004369096284
1.997,0.004160324136
1.998,0.0040272680339999995
1.999,0.00384946509
