# Seconds,Current (A)
0.0,-0.10186
0.001,-0.11370999999999999
0.002,-0.12655
0.003,-0.14236
0.004,-0.15619
0.005,-0.17035
0.006,-0.18153999999999998
0.007,-0.19175
0.008,-0.20163
0.009,-0.21084999999999998
0.01,-0.21908
0.011,-0.22699
0.012,-0.23290999999999998
0.013,-0.23554999999999998
0.014,-0.23686
0.015,-0.23751999999999998
0.016,-0.23653
0.017,-0.23522
0.018,-0.23258
0.019,-0.2316
0.02,-0.22829999999999998
0.021,-0.22172
0.022,-0.21545999999999998
0.023,-0.20986
0.024,-0.20229
0.025,-0.19768
0.026,-0.18944999999999998
0.027,-0.18252999999999997
0.028,-0.17232
0.029,-0.16376000000000002
0.03,-0.15092
0.031,-0.14302
0.032,-0.13346999999999998
0.033,-0.12425
0.034,-0.11338000000000001
0.035,-0.10285
0.036,-0.09033
0.037,-0.0765
0.038,-0.06827
0.039,-0.05707
0.04,-0.04588
0.041,-0.03468
0.042,-0.015909999999999997
0.043,-0.004719999999999999
0.044,0.0124
0.045,0.02327
0.046,0.04204
0.047,0.05554
0.048,0.07035999999999999
0.049,0.08550999999999999
0.05,0.09934
0.051,0.11513999999999999
0.052,0.12897
0.053,0.14279999999999998
0.054,0.15597
0.055,0.16684
0.056,0.17934999999999998
0.057,0.19121
0.058,0.20108999999999996
0.059,0.21128999999999998
0.06,0.21787999999999996
0.061,0.22610999999999998
0.062,0.23038999999999998
0.063,0.23303
0.064,0.23664999999999997
0.065,0.23632
0.066,0.23698
0.067,0.23698
0.068,0.23466999999999996
0.069,0.23137999999999997
0.07,0.22610999999999998
0.071,0.22018
0.072,0.21392999999999998
0.073,0.20767
0.074,0.20273
0.075,0.19483
0.076,0.18956
0.077,0.18198999999999999
0.078,0.17178
0.079,0.16321999999999998
0.08,0.15466
0.081,0.14478
0.082,0.13424
0.083,0.12403
0.084,0.11513999999999999
0.085,0.10262999999999999
0.086,0.09242
0.087,0.07924999999999999
0.088,0.06674
0.089,0.04731
0.09,0.04303
0.091,0.03084
0.092,0.01043
0.093,0.00648
0.094,0.00845
0.095,-0.031059999999999997
0.096,-0.03929
0.097,-0.05576
0.098,-0.06727999999999999
0.099,-0.08506
0.1,-0.10021
0.101,-0.11173999999999999
0.102,-0.12786999999999998
0.103,-0.14268999999999998
0.104,-0.15454
0.105,-0.16935999999999998
0.106,-0.18186999999999998
0.107,-0.19405999999999998
0.108,-0.20163
0.109,-0.20986
0.11,-0.21711
0.111,-0.22302999999999998
0.112,-0.22896
0.113,-0.2339
0.114,-0.23620999999999998
0.115,-0.23785
0.116,-0.23817999999999998
0.117,-0.23686
0.118,-0.23356999999999997
0.119,-0.22995000000000002
0.12,-0.22763999999999998
0.121,-0.22204999999999997
0.122,-0.21842
0.123,-0.21118
0.124,-0.20426
0.125,-0.19768
0.126,-0.18648
0.127,-0.18153999999999998
0.128,-0.17068
0.129,-0.16376000000000002
0.13,-0.15420999999999999
0.131,-0.14498999999999998
0.132,-0.13676
0.133,-0.12622
0.134,-0.11568999999999999
0.135,-0.10449
0.136,-0.09395
0.137,-0.08077999999999999
0.138,-0.06892999999999999
0.139,-0.0574
0.14,-0.044559999999999995
0.141,-0.0337
0.142,-0.026779999999999998
0.143,-0.00307
0.144,0.00878
0.145,0.02426
0.146,0.040389999999999995
0.147,0.05388999999999999
0.148,0.06772
0.149,0.08220999999999999
0.15,0.10888999999999999
0.151,0.11086
0.152,0.12502
0.153,0.14017
0.154,0.15367
0.155,0.16816
0.156,0.18034
0.157,0.19121
0.158,0.20108999999999996
0.159,0.20965
0.16,0.21821
0.161,0.22676999999999997
0.162,0.22939999999999997
0.163,0.23137999999999997
0.164,0.23335999999999998
0.165,0.235
0.166,0.23598999999999998
0.167,0.23368
0.168,0.23335999999999998
0.169,0.22939999999999997
0.17,0.22842
0.171,0.22315000000000002
0.172,0.21787999999999996
0.173,0.20997999999999997
0.174,0.20372
0.175,0.19746
0.176,0.19054999999999997
0.177,0.18166000000000002
0.178,0.17243999999999998
0.179,0.16255999999999998
0.18,0.15334
0.181,0.14345999999999998
0.182,0.13523
0.183,0.12502
0.184,0.11284
0.185,0.10296
0.186,0.09275
0.187,0.08155
0.188,0.06936999999999999
0.189,0.05686
0.19,0.04665
0.191,0.03282
0.192,0.015369999999999998
0.193,0.004829999999999999
0.194,-0.022169999999999995
0.195,-0.01097
0.196,-0.040940000000000004
0.197,-0.05245999999999999
0.198,-0.06760999999999999
0.199,-0.08342
0.2,-0.09625999999999998
0.201,-0.11239
0.202,-0.12622
0.203,-0.13906999999999997
0.204,-0.15355
0.205,-0.16573999999999997
0.206,-0.17890999999999999
0.207,-0.19175
0.208,-0.20063999999999999
0.209,-0.21217
0.21,-0.21974
0.211,-0.22566999999999998
0.212,-0.22995000000000002
0.213,-0.23258
0.214,-0.23489
0.215,-0.23620999999999998
0.216,-0.23718999999999998
0.217,-0.23653
0.218,-0.23356999999999997
0.219,-0.22995000000000002
0.22,-0.22599999999999998
0.221,-0.22172
0.222,-0.21842
0.223,-0.2125
0.224,-0.20591
0.225,-0.19932999999999998
0.226,-0.18944999999999998
0.227,-0.18318999999999996
0.228,-0.17462999999999998
0.229,-0.16408999999999999
0.23,-0.15585999999999997
0.231,-0.14531999999999998
0.232,-0.13479
0.233,-0.12655
0.234,-0.11635
0.235,-0.10547999999999999
0.236,-0.0956
0.237,-0.08309
0.238,-0.06959
0.239,-0.057730000000000004
0.24,-0.04588
0.241,-0.032049999999999995
0.242,-0.01987
0.243,-0.01526
0.244,0.00549
0.245,0.022279999999999998
0.246,0.04006
0.247,0.05422
0.248,0.06904
0.249,0.08023999999999999
0.25,0.09603999999999999
0.251,0.11086
0.252,0.12666999999999998
0.253,0.13984
0.254,0.15267999999999998
0.255,0.16584999999999997
0.256,0.17704999999999999
0.257,0.18758
0.258,0.19648
0.259,0.20931999999999998
0.26,0.21787999999999996
0.261,0.22578
0.262,0.22907
0.263,0.2327
0.264,0.23335999999999998
0.265,0.235
0.266,0.23598999999999998
0.267,0.23598999999999998
0.268,0.23532999999999998
0.269,0.23171
0.27,0.22743
0.271,0.22149999999999997
0.272,0.21392999999999998
0.273,0.20865999999999998
0.274,0.2057
0.275,0.19877999999999998
0.276,0.19285
0.277,0.18461999999999998
0.278,0.17441
0.279,0.16518999999999998
0.28,0.15433
0.281,0.14181
0.282,0.1372
0.283,0.12733
0.284,0.1158
0.285,0.1046
0.286,0.09076999999999999
0.287,0.08123
0.288,0.06871
0.289,0.05818
0.29,0.048299999999999996
0.291,0.03447
0.292,0.01636
0.293,0.01306
0.294,-0.00933
0.295,-0.01097
0.296,-0.03468
0.297,-0.050159999999999996
0.298,-0.06465
0.299,-0.07979999999999998
0.3,-0.09625999999999998
0.301,-0.11108
0.302,-0.12588999999999997
0.303,-0.13906999999999997
0.304,-0.15158
0.305,-0.16507999999999998
0.306,-0.17628
0.307,-0.18714
0.308,-0.20063999999999999
0.309,-0.2092
0.31,-0.21808999999999998
0.311,-0.22369
0.312,-0.22763999999999998
0.313,-0.23224999999999998
0.314,-0.23588
0.315,-0.24114
0.316,-0.23917
0.317,-0.2395
0.318,-0.23588
0.319,-0.23356999999999997
0.32,-0.22699
0.321,-0.22204999999999997
0.322,-0.21677999999999997
0.323,-0.21217
0.324,-0.20591
0.325,-0.20031
0.326,-0.19011
0.327,-0.18186999999999998
0.328,-0.17298
0.329,-0.16673
0.33,-0.15816
0.331,-0.15058999999999997
0.332,-0.13840999999999998
0.333,-0.12886
0.334,-0.11766
0.335,-0.10746
0.336,-0.0956
0.337,-0.08441
0.338,-0.07255
0.339,-0.0607
0.34,-0.0472
0.341,-0.03238
0.342,-0.022829999999999996
0.343,0.0022
0.344,0.007789999999999999
0.345,0.021619999999999997
0.346,0.03249
0.347,0.04961
0.348,0.06443
0.349,0.07991
0.35,0.09374
0.351,0.10822999999999999
0.352,0.1237
0.353,0.13752999999999999
0.354,0.1507
0.355,0.16486
0.356,0.17737999999999998
0.357,0.18956
0.358,0.19977
0.359,0.20833
0.36,0.21656
0.361,0.22183
0.362,0.2271
0.363,0.23137999999999997
0.364,0.23401
0.365,0.23565999999999998
0.366,0.23532999999999998
0.367,0.23368
0.368,0.23434
0.369,0.22973
0.37,0.22676999999999997
0.371,0.22315000000000002
0.372,0.21821
0.373,0.21392999999999998
0.374,0.20537
0.375,0.19679999999999997
0.376,0.18988999999999998
0.377,0.181
0.378,0.17638999999999996
0.379,0.16552
0.38,0.15663
0.381,0.14774
0.382,0.13818999999999998
0.383,0.12764999999999999
0.384,0.11843
0.385,0.10691
0.386,0.09537999999999999
0.387,0.08517999999999999
0.388,0.07332
0.389,0.05883
0.39,0.046979999999999994
0.391,0.03282
0.392,0.02393
0.393,0.01701
0.394,-0.00439
0.395,-0.03666
0.396,-0.02711
0.397,-0.04982999999999999
0.398,-0.06629
0.399,-0.08045
0.4,-0.0933
0.401,-0.10810999999999998
0.402,-0.12293
0.403,-0.13544
0.404,-0.15058999999999997
0.405,-0.16376000000000002
0.406,-0.17791999999999997
0.407,-0.18912
0.408,-0.199
0.409,-0.20953
0.41,-0.21611999999999998
0.411,-0.22435
0.412,-0.22797
0.413,-0.23324
0.414,-0.23620999999999998
0.415,-0.23851
0.416,-0.23751999999999998
0.417,-0.23653
0.418,-0.23456
0.419,-0.23127
0.42,-0.22829999999999998
0.421,-0.22467999999999996
0.422,-0.22172
0.423,-0.21413999999999997
0.424,-0.20756
0.425,-0.20063999999999999
0.426,-0.19207999999999997
0.427,-0.18352
0.428,-0.17562
0.429,-0.16673
0.43,-0.15848999999999996
0.431,-0.14829
0.432,-0.13742
0.433,-0.12655
0.434,-0.11931
0.435,-0.10909999999999999
0.436,-0.09856
0.437,-0.08506
0.438,-0.07486
0.439,-0.06036999999999999
0.44,-0.04884
0.441,-0.037649999999999996
0.442,-0.035339999999999996
0.443,-0.01032
0.444,0.00648
0.445,0.02294
0.446,0.036109999999999996
0.447,0.04928
0.448,0.06904
0.449,0.0776
0.45,0.09340999999999999
0.451,0.10723999999999999
0.452,0.12272
0.453,0.13391
0.454,0.14873
0.455,0.15959999999999996
0.456,0.17441
0.457,0.18627
0.458,0.19812
0.459,0.20931999999999998
0.46,0.21656
0.461,0.22347999999999998
0.462,0.22479
0.463,0.23038999999999998
0.464,0.23401
0.465,0.23565999999999998
0.466,0.23698
0.467,0.23532999999999998
0.468,0.23368
0.469,0.22973
0.47,0.2271
0.471,0.22149999999999997
0.472,0.22083999999999998
0.473,0.21426
0.474,0.208
0.475,0.19977
0.476,0.19088
0.477,0.18232
0.478,0.17638999999999996
0.479,0.16816
0.48,0.15794999999999998
0.481,0.14807
0.482,0.13687
0.483,0.12733
0.484,0.11613
0.485,0.10526
0.486,0.09570999999999999
0.487,0.08682
0.488,0.07529999999999999
0.489,0.06147
0.49,0.05027
0.491,0.03513
0.492,0.02327
0.493,0.01998
0.494,-0.00274
0.495,-0.00604
0.496,-0.03501
0.497,-0.05048999999999999
0.498,-0.06629
0.499,-0.07848000000000001
0.5,-0.09263999999999999
0.501,-0.10746
0.502,-0.11964
0.503,-0.13511
0.504,-0.14894
0.505,-0.16376000000000002
0.506,-0.17528999999999997
0.507,-0.18417999999999998
0.508,-0.19636
0.509,-0.21052
0.51,-0.21677999999999997
0.511,-0.22369
0.512,-0.22829999999999998
0.513,-0.23423
0.514,-0.23522
0.515,-0.23883999999999997
0.516,-0.23718999999999998
0.517,-0.23588
0.518,-0.23522
0.519,-0.23258
0.52,-0.22731
0.521,-0.22369
0.522,-0.21842
0.523,-0.21413999999999997
0.524,-0.20788999999999996
0.525,-0.20163
0.526,-0.19405999999999998
0.527,-0.18680999999999998
0.528,-0.17628
0.529,-0.16837
0.53,-0.15882
0.531,-0.14959999999999998
0.532,-0.14104
0.533,-0.1305
0.534,-0.11766
0.535,-0.10844
0.536,-0.09658999999999998
0.537,-0.08571999999999999
0.538,-0.07486
0.539,-0.063
0.54,-0.05345
0.541,-0.03896
0.542,-0.01855
0.543,-0.016239999999999997
0.544,0.00286
0.545,0.0058200000000000005
0.546,0.029859999999999998
0.547,0.04631999999999999
0.548,0.06377
0.549,0.07891999999999999
0.55,0.09308
0.551,0.10756999999999999
0.552,0.12040999999999999
0.553,0.13391
0.554,0.14906
0.555,0.16057999999999997
0.556,0.17375000000000002
0.557,0.18561
0.558,0.19615
0.559,0.20470999999999998
0.56,0.21359999999999998
0.561,0.22051
0.562,0.22776
0.563,0.23237
0.564,0.23565999999999998
0.565,0.23730999999999997
0.566,0.23632
0.567,0.23565999999999998
0.568,0.23466999999999996
0.569,0.23203999999999997
0.57,0.22776
0.571,0.22446
0.572,0.22018
0.573,0.21194999999999997
0.574,0.20601999999999998
0.575,0.19779
0.576,0.19251999999999997
0.577,0.18461999999999998
0.578,0.17869
0.579,0.17013
0.58,0.15927
0.581,0.14873
0.582,0.13885
0.583,0.12864
0.584,0.1214
0.585,0.11053
0.586,0.09769
0.587,0.08781
0.588,0.07431
0.589,0.06147
0.59,0.04863
0.591,0.038419999999999996
0.592,0.022609999999999998
0.593,0.01273
0.594,0.00055
0.595,-0.018879999999999997
0.596,-0.03172
0.597,-0.04588
0.598,-0.06168
0.599,-0.07551
0.6,-0.08999999999999998
0.601,-0.10449
0.602,-0.11931
0.603,-0.13577
0.604,-0.14862
0.605,-0.16146
0.606,-0.1743
0.607,-0.1855
0.608,-0.19405999999999998
0.609,-0.20426
0.61,-0.21381
0.611,-0.22138999999999998
0.612,-0.22896
0.613,-0.23093999999999998
0.614,-0.23423
0.615,-0.23620999999999998
0.616,-0.23718999999999998
0.617,-0.23851
0.618,-0.23851
0.619,-0.23423
0.62,-0.22995000000000002
0.621,-0.22566999999999998
0.622,-0.21940999999999997
0.623,-0.21316000000000002
0.624,-0.20756
0.625,-0.20063999999999999
0.626,-0.19471999999999998
0.627,-0.18582
0.628,-0.17628
0.629,-0.16673
0.63,-0.16046999999999997
0.631,-0.12458
0.632,-0.14335
0.633,-0.13115999999999997
0.634,-0.12193999999999999
0.635,-0.11009
0.636,-0.10021
0.637,-0.08671
0.638,-0.07583999999999999
0.639,-0.06465
0.64,-0.04061
0.641,-0.03666
0.642,-0.024149999999999998
0.643,-0.03007
0.644,0.00154
0.645,0.01636
0.646,0.03052
0.647,0.045329999999999995
0.648,0.06113999999999999
0.649,0.07563
0.65,0.08847000000000001
0.651,0.1046
0.652,0.11875999999999999
0.653,0.13291999999999998
0.654,0.14609
0.655,0.16289
0.656,0.17309999999999998
0.657,0.18461999999999998
0.658,0.19383999999999998
0.659,0.20339
0.66,0.21260999999999997
0.661,0.22018
0.662,0.22676999999999997
0.663,0.23203999999999997
0.664,0.23401
0.665,0.23598999999999998
0.666,0.23664999999999997
0.667,0.23532999999999998
0.668,0.23664999999999997
0.669,0.23368
0.67,0.23006
0.671,0.22347999999999998
0.672,0.21821
0.673,0.21228
0.674,0.20767
0.675,0.2001
0.676,0.19515999999999997
0.677,0.18790999999999997
0.678,0.17869
0.679,0.16848999999999997
0.68,0.15893999999999997
0.681,0.15136
0.682,0.14148
0.683,0.13161
0.684,0.12073999999999999
0.685,0.10954
0.686,0.09802
0.687,0.08616
0.688,0.07596
0.689,0.06476
0.69,0.052579999999999995
0.691,0.038419999999999996
0.692,0.025249999999999998
0.693,0.01833
0.694,-0.00077
0.695,-0.01394
0.696,-0.02513
0.697,-0.04225999999999999
0.698,-0.059379999999999995
0.699,-0.07453
0.7,-0.09033
0.701,-0.10252
0.702,-0.11865
0.703,-0.13248
0.704,-0.14762999999999998
0.705,-0.16014
0.706,-0.17198999999999998
0.707,-0.18318999999999996
0.708,-0.19405999999999998
0.709,-0.20328
0.71,-0.2125
0.711,-0.22007
0.712,-0.22533999999999998
0.713,-0.23258
0.714,-0.23554999999999998
0.715,-0.23686
0.716,-0.23817999999999998
0.717,-0.23718999999999998
0.718,-0.23588
0.719,-0.23356999999999997
0.72,-0.23258
0.721,-0.22533999999999998
0.722,-0.21940999999999997
0.723,-0.21381
0.724,-0.20722999999999997
0.725,-0.20096999999999998
0.726,-0.1934
0.727,-0.18582
0.728,-0.17989999999999998
0.729,-0.17035
0.73,-0.16179
0.731,-0.15058999999999997
0.732,-0.14137
0.733,-0.13280999999999998
0.734,-0.12226999999999999
0.735,-0.11206999999999999
0.736,-0.09888999999999999
0.737,-0.08933999999999999
0.738,-0.07551
0.739,-0.06366
0.74,-0.051149999999999994
0.741,-0.03995
0.742,-0.02843
0.743,-0.032049999999999995
0.744,-0.00143
0.745,0.027219999999999998
0.746,0.029529999999999997
0.747,0.04303
0.748,0.05785
0.749,0.07332
0.75,0.08913
0.751,0.10262999999999999
0.752,0.11712
0.753,0.13161
0.754,0.14675
0.755,0.16057999999999997
0.756,0.17277
0.757,0.18232
0.758,0.19351
0.759,0.20306
0.76,0.21260999999999997
0.761,0.21919999999999998
0.762,0.22644
0.763,0.23237
0.764,0.23434
0.765,0.23532999999999998
0.766,0.23664999999999997
0.767,0.23632
0.768,0.235
0.769,0.23401
0.77,0.22939999999999997
0.771,0.21492
0.772,0.21953
0.773,0.21392999999999998
0.774,0.20733999999999997
0.775,0.20108999999999996
0.776,0.19449999999999998
0.777,0.18725999999999998
0.778,0.17934999999999998
0.779,0.17013
0.78,0.15959999999999996
0.781,0.15136
0.782,0.14246999999999999
0.783,0.13258999999999999
0.784,0.12304
0.785,0.11152
0.786,0.09934
0.787,0.08748
0.788,0.07727
0.789,0.06509
0.79,0.05290999999999999
0.791,0.03908
0.792,0.02591
0.793,0.008119999999999999
0.794,0.00021999999999999998
0.795,-0.01954
0.796,-0.02546
0.797,-0.040940000000000004
0.798,-0.05707
0.799,-0.07354
0.8,-0.08902
0.801,-0.10515
0.802,-0.11766
0.803,-0.13149
0.804,-0.14432999999999999
0.805,-0.15947999999999998
0.806,-0.17134
0.807,-0.18252999999999997
0.808,-0.19373
0.809,-0.20360999999999999
0.81,-0.20986
0.811,-0.21874999999999997
0.812,-0.22501
0.813,-0.23061
0.814,-0.23489
0.815,-0.23817999999999998
0.816,-0.23817999999999998
0.817,-0.23851
0.818,-0.23686
0.819,-0.23423
0.82,-0.23093999999999998
0.821,-0.22829999999999998
0.822,-0.22238
0.823,-0.21447
0.824,-0.20788999999999996
0.825,-0.20129999999999998
0.826,-0.19504
0.827,-0.18813
0.828,-0.18055999999999997
0.829,-0.17198999999999998
0.83,-0.16277
0.831,-0.15322999999999998
0.832,-0.1417
0.833,-0.13413
0.834,-0.12458
0.835,-0.11436999999999999
0.836,-0.10252
0.837,-0.09098999999999999
0.838,-0.07583999999999999
0.839,-0.06498
0.84,-0.053779999999999994
0.841,-0.04159999999999999
0.842,-0.026779999999999998
0.843,-0.03402
0.844,-0.00077
0.845,0.01438
0.846,0.024589999999999997
0.847,0.040389999999999995
0.848,0.055209999999999995
0.849,0.0697
0.85,0.08682
0.851,0.09967
0.852,0.1158
0.853,0.12996
0.854,0.14412
0.855,0.15499
0.856,0.17079
0.857,0.18133
0.858,0.19483
0.859,0.20339
0.86,0.21194999999999997
0.861,0.21886999999999998
0.862,0.22413999999999998
0.863,0.22809
0.864,0.23105
0.865,0.235
0.866,0.235
0.867,0.235
0.868,0.23466999999999996
0.869,0.23071999999999998
0.87,0.23038999999999998
0.871,0.22578
0.872,0.22183
0.873,0.21492
0.874,0.208
0.875,0.20140999999999998
0.876,0.19549
0.877,0.18627
0.878,0.17968
0.879,0.17013
0.88,0.1619
0.881,0.15103
0.882,0.14115999999999998
0.883,0.13324999999999998
0.884,0.1237
0.885,0.11414999999999999
0.886,0.10262999999999999
0.887,0.09176
0.888,0.07891999999999999
0.889,0.06772
0.89,0.052579999999999995
0.891,0.03941
0.892,0.029859999999999998
0.893,0.00714
0.894,0.00187
0.895,-0.00505
0.896,-0.032049999999999995
0.897,-0.043239999999999994
0.898,-0.05707
0.899,-0.07156
0.9,-0.08441
0.901,-0.10054
0.902,-0.11403999999999999
0.903,-0.1305
0.904,-0.14565
0.905,-0.15882
0.906,-0.17134
0.907,-0.1822
0.908,-0.1934
0.909,-0.20229
0.91,-0.21052
0.911,-0.21908
0.912,-0.22533999999999998
0.913,-0.2316
0.914,-0.23423
0.915,-0.23522
0.916,-0.23588
0.917,-0.23620999999999998
0.918,-0.23686
0.919,-0.23423
0.92,-0.22467999999999996
0.921,-0.22731
0.922,-0.22302999999999998
0.923,-0.21513
0.924,-0.20854999999999999
0.925,-0.20195999999999997
0.926,-0.19537
0.927,-0.18912
0.928,-0.18089
0.929,-0.16343
0.93,-0.16146
0.931,-0.15553
0.932,-0.14335
0.933,-0.13643
0.934,-0.12588999999999997
0.935,-0.11535999999999999
0.936,-0.1035
0.937,-0.09033
0.938,-0.07881
0.939,-0.06727999999999999
0.94,-0.05543
0.941,-0.04357
0.942,-0.02777
0.943,-0.01427
0.944,-0.00241
0.945,0.00121
0.946,0.021619999999999997
0.947,0.03908
0.948,0.05356999999999999
0.949,0.06871
0.95,0.08418999999999999
0.951,0.09967
0.952,0.11448
0.953,0.12897
0.954,0.14214
0.955,0.15564
0.956,0.16782999999999998
0.957,0.18133
0.958,0.19383999999999998
0.959,0.20206999999999997
0.96,0.21062999999999998
0.961,0.21722
0.962,0.22315000000000002
0.963,0.2271
0.964,0.2327
0.965,0.23401
0.966,0.23598999999999998
0.967,0.23797
0.968,0.23565999999999998
0.969,0.23303
0.97,0.22874999999999998
0.971,0.22644
0.972,0.22149999999999997
0.973,0.21755
0.974,0.21095999999999998
0.975,0.20273
0.976,0.19416999999999998
0.977,0.18693
0.978,0.17869
0.979,0.17079
0.98,0.16452999999999998
0.981,0.15499
0.982,0.14543999999999999
0.983,0.13424
0.984,0.12502
0.985,0.11218
0.986,0.10428
0.987,0.09242
0.988,0.07991
0.989,0.06772
0.99,0.055209999999999995
0.991,0.04303
0.992,0.028869999999999996
0.993,0.01175
0.994,0.006149999999999999
0.995,-0.02513
0.996,-0.0281
0.997,-0.03929
0.998,-0.05609
0.999,-0.07913999999999999
1.0,-0.08506
1.001,-0.09988
1.002,-0.11239
1.003,-0.12754
1.004,-0.14335
1.005,-0.15685
1.006,-0.17001999999999998
1.007,-0.1822
1.008,-0.18714
1.009,-0.19965
1.01,-0.20854999999999999
1.011,-0.21842
1.012,-0.22533999999999998
1.013,-0.23127
1.014,-0.23290999999999998
1.015,-0.23456
1.016,-0.23686
1.017,-0.23751999999999998
1.018,-0.23751999999999998
1.019,-0.23489
1.02,-0.23324
1.021,-0.22797
1.022,-0.22106
1.023,-0.21413999999999997
1.024,-0.2092
1.025,-0.20426
1.026,-0.19768
1.027,-0.19011
1.028,-0.18121
1.029,-0.17264999999999997
1.03,-0.1631
1.031,-0.15553
1.032,-0.14631
1.033,-0.13709
1.034,-0.12688
1.035,-0.11535999999999999
1.036,-0.10679999999999999
1.037,-0.09197999999999999
1.038,-0.07913999999999999
1.039,-0.06827
1.04,-0.054439999999999995
1.041,-0.04654
1.042,-0.03172
1.043,-0.009
1.044,-0.00702
1.045,0.00417
1.046,0.01998
1.047,0.03875
1.048,0.05356999999999999
1.049,0.0674
1.05,0.0809
1.051,0.09735999999999999
1.052,0.11119
1.053,0.12568
1.054,0.14246999999999999
1.055,0.1563
1.056,0.16782999999999998
1.057,0.18000999999999998
1.058,0.18988999999999998
1.059,0.20108999999999996
1.06,0.20997999999999997
1.061,0.21821
1.062,0.22446
1.063,0.22939999999999997
1.064,0.23071999999999998
1.065,0.23237
1.066,0.235
1.067,0.23368
1.068,0.23698
1.069,0.2406
1.07,0.23237
1.071,0.22776
1.072,0.22183
1.073,0.21755
1.074,0.20997999999999997
1.075,0.20504
1.076,0.19812
1.077,0.18922999999999998
1.078,0.1833
1.079,0.17210999999999999
1.08,0.16321999999999998
1.081,0.15367
1.082,0.14543999999999999
1.083,0.13523
1.084,0.12600999999999998
1.085,0.11646
1.086,0.10559
1.087,0.09603999999999999
1.088,0.08353
1.089,0.0697
1.09,0.0562
1.091,0.0427
1.092,0.030189999999999998
1.093,0.021619999999999997
1.094,0.00516
1.095,0.0031799999999999997
1.096,-0.032709999999999996
1.097,-0.036989999999999995
1.098,-0.053119999999999994
1.099,-0.0686
1.1,-0.08177
1.101,-0.09658999999999998
1.102,-0.11272
1.103,-0.12491
1.104,-0.13873999999999997
1.105,-0.15322999999999998
1.106,-0.16541
1.107,-0.18055999999999997
1.108,-0.19141999999999998
1.109,-0.20328
1.11,-0.21150999999999998
1.111,-0.21677999999999997
1.112,-0.22336
1.113,-0.22763999999999998
1.114,-0.23192
1.115,-0.23554999999999998
1.116,-0.23785
1.117,-0.23785
1.118,-0.23718999999999998
1.119,-0.23423
1.12,-0.23061
1.121,-0.22633
1.122,-0.22238
1.123,-0.21908
1.124,-0.21084999999999998
1.125,-0.20426
1.126,-0.19702
1.127,-0.18813
1.128,-0.18055999999999997
1.129,-0.17364
1.13,-0.17298
1.131,-0.15652
1.132,-0.14697
1.133,-0.13873999999999997
1.134,-0.12786999999999998
1.135,-0.11601999999999998
1.136,-0.10515
1.137,-0.09395
1.138,-0.08177
1.139,-0.07782
1.14,-0.05970999999999999
1.141,-0.04687
1.142,-0.03238
1.143,-0.02941
1.144,-0.004719999999999999
1.145,0.006149999999999999
1.146,0.0236
1.147,0.036109999999999996
1.148,0.04994
1.149,0.06509
1.15,0.0809
1.151,0.09537999999999999
1.152,0.11152
1.153,0.12699999999999997
1.154,0.14148
1.155,0.15433
1.156,0.16518999999999998
1.157,0.17737999999999998
1.158,0.18956
1.159,0.20140999999999998
1.16,0.20997999999999997
1.161,0.21853999999999998
1.162,0.22413999999999998
1.163,0.22743
1.164,0.23105
1.165,0.23237
1.166,0.23335999999999998
1.167,0.23565999999999998
1.168,0.23664999999999997
1.169,0.235
1.17,0.2327
1.171,0.22676999999999997
1.172,0.22315000000000002
1.173,0.21689
1.174,0.21062999999999998
1.175,0.20372
1.176,0.19746
1.177,0.18824
1.178,0.18264999999999998
1.179,0.17277
1.18,0.16651
1.181,0.15696000000000002
1.182,0.14576999999999998
1.183,0.13687
1.184,0.12699999999999997
1.185,0.11646
1.186,0.10658000000000001
1.187,0.09506
1.188,0.08220999999999999
1.189,0.07003
1.19,0.05554
1.191,0.04565999999999999
1.192,0.03183
1.193,0.01175
1.194,0.01306
1.195,0.00384
1.196,-0.009
1.197,-0.03863
1.198,-0.05148
1.199,-0.06727999999999999
1.2,-0.08803
1.201,-0.09494
1.202,-0.11009
1.203,-0.12358999999999999
1.204,-0.1394
1.205,-0.15322999999999998
1.206,-0.16804
1.207,-0.17725999999999997
1.208,-0.1878
1.209,-0.19602999999999998
1.21,-0.20854999999999999
1.211,-0.21611999999999998
1.212,-0.22566999999999998
1.213,-0.22896
1.214,-0.23356999999999997
1.215,-0.23620999999999998
1.216,-0.23588
1.217,-0.23785
1.218,-0.23851
1.219,-0.23554999999999998
1.22,-0.2339
1.221,-0.22995000000000002
1.222,-0.22172
1.223,-0.21645
1.224,-0.20854999999999999
1.225,-0.20557999999999998
1.226,-0.19932999999999998
1.227,-0.19274
1.228,-0.18352
1.229,-0.17562
1.23,-0.16607
1.231,-0.15652
1.232,-0.1473
1.233,-0.13873999999999997
1.234,-0.12985
1.235,-0.11898
1.236,-0.10679999999999999
1.237,-0.09362999999999999
1.238,-0.08144
1.239,-0.07057999999999999
1.24,-0.06136
1.241,-0.04785
1.242,-0.03566999999999999
1.243,-0.03566999999999999
1.244,-0.006359999999999999
1.245,0.007789999999999999
1.246,0.02426
1.247,0.036109999999999996
1.248,0.04994
1.249,0.06311
1.25,0.07859
1.251,0.09570999999999999
1.252,0.11053
1.253,0.12568
1.254,0.1372
1.255,0.1507
1.256,0.16355
1.257,0.1754
1.258,0.18758
1.259,0.19911
1.26,0.20931999999999998
1.261,0.21689
1.262,0.22282
1.263,0.22644
1.264,0.23237
1.265,0.23532999999999998
1.266,0.23797
1.267,0.23764
1.268,0.23632
1.269,0.23401
1.27,0.23237
1.271,0.2271
1.272,0.22216
1.273,0.21886999999999998
1.274,0.21128999999999998
1.275,0.2057
1.276,0.19779
1.277,0.18922999999999998
1.278,0.18133
1.279,0.17441
1.28,0.16816
1.281,0.15959999999999996
1.282,0.14906
1.283,0.13885
1.284,0.12797999999999998
1.285,0.11712
1.286,0.10658000000000001
1.287,0.09506
1.288,0.08286999999999999
1.289,0.07299
1.29,0.06015
1.291,0.047639999999999995
1.292,0.033479999999999996
1.293,0.020309999999999998
1.294,0.01734
1.295,-0.00274
1.296,-0.021840000000000002
1.297,-0.031059999999999997
1.298,-0.0495
1.299,-0.06695
1.3,-0.08012
1.301,-0.09527000000000001
1.302,-0.10976
1.303,-0.12458
1.304,-0.13808
1.305,-0.15025999999999998
1.306,-0.16277
1.307,-0.17462999999999998
1.308,-0.18714
1.309,-0.19734999999999997
1.31,-0.20822
1.311,-0.21545999999999998
1.312,-0.22172
1.313,-0.22797
1.314,-0.23324
1.315,-0.23653
1.316,-0.2395
1.317,-0.23851
1.318,-0.2395
1.319,-0.23456
1.32,-0.2339
1.321,-0.22731
1.322,-0.23027999999999998
1.323,-0.21874999999999997
1.324,-0.21316000000000002
1.325,-0.20591
1.326,-0.19801
1.327,-0.19043
1.328,-0.18417999999999998
1.329,-0.17725999999999997
1.33,-0.16935999999999998
1.331,-0.16014
1.332,-0.14862
1.333,-0.13840999999999998
1.334,-0.12786999999999998
1.335,-0.11832
1.336,-0.10647
1.337,-0.09593
1.338,-0.08506
1.339,-0.07156
1.34,-0.05609
1.341,-0.04654
1.342,-0.036329999999999994
1.343,-0.03566999999999999
1.344,-0.004059999999999999
1.345,0.00516
1.346,0.0124
1.347,0.0348
1.348,0.04896
1.349,0.06409999999999999
1.35,0.07924999999999999
1.351,0.09374
1.352,0.10822999999999999
1.353,0.12205999999999999
1.354,0.13555999999999999
1.355,0.1507
1.356,0.16452999999999998
1.357,0.17473999999999998
1.358,0.18627
1.359,0.19746
1.36,0.20601999999999998
1.361,0.21524000000000001
1.362,0.22183
1.363,0.22776
1.364,0.2327
1.365,0.23466999999999996
1.366,0.23565999999999998
1.367,0.23565999999999998
1.368,0.23664999999999997
1.369,0.23335999999999998
1.37,0.23368
1.371,0.22743
1.372,0.22282
1.373,0.21622999999999998
1.374,0.21062999999999998
1.375,0.20537
1.376,0.19877999999999998
1.377,0.19154
1.378,0.18429
1.379,0.17638999999999996
1.38,0.16684
1.381,0.15762
1.382,0.14774
1.383,0.13984
1.384,0.12897
1.385,0.11810999999999999
1.386,0.10691
1.387,0.09570999999999999
1.388,0.08385999999999999
1.389,0.07068999999999999
1.39,0.06147
1.391,0.048299999999999996
1.392,0.03644
1.393,0.022609999999999998
1.394,-0.00143
1.395,-0.005379999999999999
1.396,-0.02744
1.397,-0.031059999999999997
1.398,-0.04785
1.399,-0.06333
1.4,-0.07748999999999999
1.401,-0.09230999999999999
1.402,-0.10976
1.403,-0.1226
1.404,-0.13709
1.405,-0.14894
1.406,-0.16179
1.407,-0.17396999999999999
1.408,-0.18614999999999998
1.409,-0.19734999999999997
1.41,-0.20756
1.411,-0.2148
1.412,-0.22172
1.413,-0.22699
1.414,-0.23224999999999998
1.415,-0.23554999999999998
1.416,-0.23817999999999998
1.417,-0.23983
1.418,-0.23686
1.419,-0.23456
1.42,-0.23290999999999998
1.421,-0.22829999999999998
1.422,-0.22336
1.423,-0.21940999999999997
1.424,-0.21316000000000002
1.425,-0.20656999999999998
1.426,-0.20163
1.427,-0.19075999999999999
1.428,-0.18450999999999998
1.429,-0.17759
1.43,-0.16935999999999998
1.431,-0.1608
1.432,-0.15092
1.433,-0.13971999999999998
1.434,-0.12919
1.435,-0.13511
1.436,-0.10810999999999998
1.437,-0.09790999999999998
1.438,-0.08638
1.439,-0.07255
1.44,-0.061029999999999994
1.441,-0.04884
1.442,-0.036
1.443,-0.023159999999999997
1.444,-0.00669
1.445,0.00187
1.446,0.02064
1.447,0.03216
1.448,0.047639999999999995
1.449,0.06213
1.45,0.07596
1.451,0.09011999999999999
1.452,0.10559
1.453,0.12007999999999999
1.454,0.13523
1.455,0.14807
1.456,0.16223
1.457,0.17375000000000002
1.458,0.18561
1.459,0.19515999999999997
1.46,0.2057
1.461,0.21359999999999998
1.462,0.22117
1.463,0.22743
1.464,0.22939999999999997
1.465,0.23203999999999997
1.466,0.23401
1.467,0.23532999999999998
1.468,0.23664999999999997
1.469,0.23632
1.47,0.23237
1.471,0.22973
1.472,0.22381
1.473,0.21919999999999998
1.474,0.21294
1.475,0.20635
1.476,0.19943999999999998
1.477,0.19251999999999997
1.478,0.18395999999999998
1.479,0.17507
1.48,0.16651
1.481,0.15663
1.482,0.14873
1.483,0.14049999999999999
1.484,0.13095
1.485,0.12007999999999999
1.486,0.10691
1.487,0.0967
1.488,0.08550999999999999
1.489,0.07397999999999999
1.49,0.06213
1.491,0.05126
1.492,0.03908
1.493,0.028869999999999996
1.494,0.02426
1.495,-0.00669
1.496,-0.04489
1.497,-0.03073
1.498,-0.04555
1.499,-0.059379999999999995
1.5,-0.07583999999999999
1.501,-0.09098999999999999
1.502,-0.10679999999999999
1.503,-0.12063
1.504,-0.13446
1.505,-0.15058999999999997
1.506,-0.16112999999999997
1.507,-0.1743
1.508,-0.18648
1.509,-0.19866999999999999
1.51,-0.20886999999999997
1.511,-0.21545999999999998
1.512,-0.22072999999999998
1.513,-0.22633
1.514,-0.23093999999999998
1.515,-0.23522
1.516,-0.23686
1.517,-0.23883999999999997
1.518,-0.23718999999999998
1.519,-0.23522
1.52,-0.23192
1.521,-0.22863
1.522,-0.22401999999999997
1.523,-0.22072999999999998
1.524,-0.21611999999999998
1.525,-0.2092
1.526,-0.19997999999999996
1.527,-0.19175
1.528,-0.18352
1.529,-0.17562
1.53,-0.17001999999999998
1.531,-0.16146
1.532,-0.15289999999999998
1.533,-0.14071
1.534,-0.13115999999999997
1.535,-0.11898
1.536,-0.10942999999999999
1.537,-0.09955
1.538,-0.08836
1.539,-0.07748999999999999
1.54,-0.06629
1.541,-0.053119999999999994
1.542,-0.03798
1.543,-0.03304
1.544,-0.01032
1.545,0.00055
1.546,0.01438
1.547,0.030189999999999998
1.548,0.04565999999999999
1.549,0.062459999999999995
1.55,0.07596
1.551,0.0911
1.552,0.1046
1.553,0.11745
1.554,0.13161
1.555,0.14609
1.556,0.16057999999999997
1.557,0.17737999999999998
1.558,0.1866
1.559,0.19648
1.56,0.20537
1.561,0.21426
1.562,0.22051
1.563,0.22743
1.564,0.23203999999999997
1.565,0.23368
1.566,0.23466999999999996
1.567,0.235
1.568,0.23565999999999998
1.569,0.23335999999999998
1.57,0.23303
1.571,0.22809
1.572,0.22512
1.573,0.21919999999999998
1.574,0.21392999999999998
1.575,0.20833
1.576,0.20108999999999996
1.577,0.19416999999999998
1.578,0.18627
1.579,0.17638999999999996
1.58,0.16684
1.581,0.15927
1.582,0.15037999999999999
1.583,0.14082999999999998
1.584,0.13029
1.585,0.11908999999999999
1.586,0.10658000000000001
1.587,0.09735999999999999
1.588,0.08715
1.589,0.07596
1.59,0.06541999999999999
1.591,0.05290999999999999
1.592,0.038419999999999996
1.593,0.028869999999999996
1.594,-0.00307
1.595,-0.0017499999999999998
1.596,-0.018879999999999997
1.597,-0.03304
1.598,-0.04621
1.599,-0.061029999999999994
1.6,-0.07683
1.601,-0.09230999999999999
1.602,-0.10482
1.603,-0.11667999999999999
1.604,-0.13082999999999997
1.605,-0.14531999999999998
1.606,-0.15980999999999998
1.607,-0.17331
1.608,-0.1855
1.609,-0.19471999999999998
1.61,-0.20492
1.611,-0.21316000000000002
1.612,-0.22204999999999997
1.613,-0.22829999999999998
1.614,-0.23356999999999997
1.615,-0.23686
1.616,-0.23817999999999998
1.617,-0.23785
1.618,-0.23588
1.619,-0.23356999999999997
1.62,-0.23224999999999998
1.621,-0.23061
1.622,-0.22435
1.623,-0.21874999999999997
1.624,-0.21283
1.625,-0.20756
1.626,-0.20163
1.627,-0.18977999999999998
1.628,-0.18846000000000002
1.629,-0.17989999999999998
1.63,-0.17068
1.631,-0.16112999999999997
1.632,-0.15191
1.633,-0.14071
1.634,-0.13215
1.635,-0.1203
1.636,-0.10713
1.637,-0.09988
1.638,-0.08703999999999999
1.639,-0.07583999999999999
1.64,-0.06530999999999999
1.641,-0.05411
1.642,-0.040940000000000004
1.643,-0.026779999999999998
1.644,-0.014929999999999999
1.645,-0.00077
1.646,0.01603
1.647,0.02854
1.648,0.045329999999999995
1.649,0.05949
1.65,0.07431
1.651,0.0888
1.652,0.10493
1.653,0.11875999999999999
1.654,0.13161
1.655,0.14412
1.656,0.15696000000000002
1.657,0.17079
1.658,0.18429
1.659,0.19383999999999998
1.66,0.20306
1.661,0.21359999999999998
1.662,0.22083999999999998
1.663,0.22676999999999997
1.664,0.23071999999999998
1.665,0.23303
1.666,0.23434
1.667,0.23632
1.668,0.23632
1.669,0.23335999999999998
1.67,0.2327
1.671,0.22907
1.672,0.22544999999999998
1.673,0.21919999999999998
1.674,0.21260999999999997
1.675,0.20667999999999997
1.676,0.20372
1.677,0.19581999999999997
1.678,0.18824
1.679,0.17902
1.68,0.16882
1.681,0.16025
1.682,0.15136
1.683,0.14181
1.684,0.13258999999999999
1.685,0.12205999999999999
1.686,0.11019999999999999
1.687,0.09834999999999999
1.688,0.10361999999999999
1.689,0.07596
1.69,0.06641
1.691,0.05388999999999999
1.692,0.04237
1.693,0.029199999999999997
1.694,0.01043
1.695,-0.0017499999999999998
1.696,-0.00077
1.697,-0.01394
1.698,-0.043899999999999995
1.699,-0.058719999999999994
1.7,-0.07321
1.701,-0.08933999999999999
1.702,-0.10449
1.703,-0.11832
1.704,-0.13082999999999997
1.705,-0.14236
1.706,-0.15685
1.707,-0.17068
1.708,-0.18318999999999996
1.709,-0.19504
1.71,-0.20360999999999999
1.711,-0.21283
1.712,-0.21842
1.713,-0.22665999999999997
1.714,-0.23224999999999998
1.715,-0.23588
1.716,-0.23917
1.717,-0.23851
1.718,-0.23817999999999998
1.719,-0.23522
1.72,-0.23224999999999998
1.721,-0.23027999999999998
1.722,-0.22633
1.723,-0.22072999999999998
1.724,-0.21579
1.725,-0.20756
1.726,-0.20096999999999998
1.727,-0.19471999999999998
1.728,-0.18846000000000002
1.729,-0.18121
1.73,-0.17232
1.731,-0.16343
1.732,-0.15322999999999998
1.733,-0.14302
1.734,-0.13280999999999998
1.735,-0.12358999999999999
1.736,-0.11206999999999999
1.737,-0.10021
1.738,-0.08868999999999999
1.739,-0.07782
1.74,-0.06398999999999999
1.741,-0.05345
1.742,-0.043239999999999994
1.743,-0.03501
1.744,-0.013279999999999998
1.745,-0.00043999999999999996
1.746,0.024919999999999998
1.747,0.026889999999999997
1.748,0.04171
1.749,0.05653
1.75,0.07200999999999999
1.751,0.08649
1.752,0.10196999999999999
1.753,0.11745
1.754,0.13095
1.755,0.14511
1.756,0.15728999999999999
1.757,0.16913999999999998
1.758,0.17934999999999998
1.759,0.19317999999999996
1.76,0.20174
1.761,0.21194999999999997
1.762,0.22018
1.763,0.22578
1.764,0.23105
1.765,0.2327
1.766,0.235
1.767,0.23698
1.768,0.23764
1.769,0.23532999999999998
1.77,0.2327
1.771,0.22874999999999998
1.772,0.22413999999999998
1.773,0.21886999999999998
1.774,0.21426
1.775,0.20899
1.776,0.2024
1.777,0.19449999999999998
1.778,0.18824
1.779,0.18000999999999998
1.78,0.16946999999999998
1.781,0.16157
1.782,0.154
1.783,0.14312999999999998
1.784,0.13391
1.785,0.12172999999999999
1.786,0.11119
1.787,0.10031999999999999
1.788,0.08682
1.789,0.07629
1.79,0.06541999999999999
1.791,0.05488
1.792,0.03974
1.793,0.026559999999999997
1.794,0.01965
1.795,0.0031799999999999997
1.796,-0.00208
1.797,-0.02546
1.798,-0.03929
1.799,-0.05477
1.8,-0.07255
1.801,-0.08638
1.802,-0.10219
1.803,-0.11469999999999998
1.804,-0.13018
1.805,-0.14368
1.806,-0.15685
1.807,-0.17134
1.808,-0.18417999999999998
1.809,-0.19405999999999998
1.81,-0.20360999999999999
1.811,-0.21019
1.812,-0.21808999999999998
1.813,-0.22369
1.814,-0.23093999999999998
1.815,-0.23522
1.816,-0.23686
1.817,-0.23718999999999998
1.818,-0.23522
1.819,-0.23620999999999998
1.82,-0.23456
1.821,-0.23258
1.822,-0.22829999999999998
1.823,-0.2227
1.824,-0.21677999999999997
1.825,-0.20854999999999999
1.826,-0.20195999999999997
1.827,-0.19471999999999998
1.828,-0.20722999999999997
1.829,-0.18121
1.83,-0.17232
1.831,-0.16244999999999998
1.832,-0.15224
1.833,-0.14465999999999998
1.834,-0.13479
1.835,-0.12557
1.836,-0.11535999999999999
1.837,-0.10087
1.838,-0.09065999999999999
1.839,-0.08045
1.84,-0.06727999999999999
1.841,-0.05675
1.842,-0.04291999999999999
1.843,-0.0304
1.844,-0.004719999999999999
1.845,-0.00274
1.846,0.01208
1.847,0.02327
1.848,0.03941
1.849,0.055869999999999996
1.85,0.07102
1.851,0.08616
1.852,0.10097999999999999
1.853,0.11414999999999999
1.854,0.12733
1.855,0.14148
1.856,0.15564
1.857,0.16848999999999997
1.858,0.18198999999999999
1.859,0.19285
1.86,0.20174
1.861,0.20965
1.862,0.21919999999999998
1.863,0.22512
1.864,0.22973
1.865,0.23303
1.866,0.23466999999999996
1.867,0.23598999999999998
1.868,0.23401
1.869,0.23237
1.87,0.23137999999999997
1.871,0.22874999999999998
1.872,0.22610999999999998
1.873,0.22249
1.874,0.21722
1.875,0.20965
1.876,0.20273
1.877,0.19549
1.878,0.19022
1.879,0.18067
1.88,0.17309999999999998
1.881,0.16091
1.882,0.15234999999999999
1.883,0.14246999999999999
1.884,0.13324999999999998
1.885,0.12403
1.886,0.11284
1.887,0.10262999999999999
1.888,0.09143
1.889,0.07859
1.89,0.06805
1.891,0.055869999999999996
1.892,0.043359999999999996
1.893,0.03249
1.894,0.021949999999999997
1.895,0.00253
1.896,0.004829999999999999
1.897,-0.031389999999999994
1.898,-0.022499999999999996
1.899,-0.05609
1.9,-0.07057999999999999
1.901,-0.08638
1.902,-0.10087
1.903,-0.11568999999999999
1.904,-0.12819999999999998
1.905,-0.14137
1.906,-0.15322999999999998
1.907,-0.16673
1.908,-0.17890999999999999
1.909,-0.19307
1.91,-0.20195999999999997
1.911,-0.21283
1.912,-0.21874999999999997
1.913,-0.22665999999999997
1.914,-0.23027999999999998
1.915,-0.23423
1.916,-0.23785
1.917,-0.23983
1.918,-0.23883999999999997
1.919,-0.23785
1.92,-0.23324
1.921,-0.22863
1.922,-0.22566999999999998
1.923,-0.22238
1.924,-0.21777
1.925,-0.21052
1.926,-0.20459
1.927,-0.19636
1.928,-0.18944999999999998
1.929,-0.18121
1.93,-0.17298
1.931,-0.16541
1.932,-0.15652
1.933,-0.14565
1.934,-0.13577
1.935,-0.12358999999999999
1.936,-0.11206999999999999
1.937,-0.10186
1.938,-0.09165
1.939,-0.08177
1.94,-0.06959
1.941,-0.05642
1.942,-0.04423
1.943,-0.02843
1.944,-0.005379999999999999
1.945,-0.00505
1.946,0.015039999999999998
1.947,0.01899
1.948,0.03644
1.949,0.05554
1.95,0.07003
1.951,0.08583999999999999
1.952,0.09901
1.953,0.11218
1.954,0.12600999999999998
1.955,0.14082999999999998
1.956,0.15433
1.957,0.16716999999999999
1.958,0.18067
1.959,0.19022
1.96,0.19977
1.961,0.20865999999999998
1.962,0.2159
1.963,0.22413999999999998
1.964,0.23105
1.965,0.23434
1.966,0.23730999999999997
1.967,0.23664999999999997
1.968,0.23565999999999998
1.969,0.23532999999999998
1.97,0.23335999999999998
1.971,0.23137999999999997
1.972,0.2271
1.973,0.22216
1.974,0.21524000000000001
1.975,0.20899
1.976,0.20206999999999997
1.977,0.20601999999999998
1.978,0.18956
1.979,0.18495
1.98,0.17507
1.981,0.16518999999999998
1.982,0.15530999999999998
1.983,0.14378999999999997
1.984,0.1349
1.985,0.12435999999999998
1.986,0.11546999999999999
1.987,0.10394999999999999
1.988,0.09275
1.989,0.07924999999999999
1.99,0.06641
1.991,0.05488
1.992,0.04402
1.993,0.03249
1.994,0.022609999999999998
1.995,0.00977
1.996,0.0008799999999999999
1.997,-0.014599999999999998
1.998,-0.03995
1.999,-0.05411
