# Seconds,DAQ1/ai0,DAQ1/ai1,DAQ1/ai2
0.000000,-0.010186,0.181195,-3.481675
0.001000,-0.011371,0.164269,-3.961533
0.002000,-0.012655,0.152679,-4.444024
0.003000,-0.014236,0.137268,-4.914346
0.004000,-0.015619,0.121364,-5.379736
0.005000,-0.017035,0.105163,-5.832300
0.006000,-0.018154,0.088501,-6.268420
0.007000,-0.019175,0.072004,-6.688755
0.008000,-0.020163,0.054881,-7.084422
0.009000,-0.021085,0.037659,-7.454107
0.010000,-0.021908,0.020405,-7.793534
0.011000,-0.022699,0.003842,-8.097441
0.012000,-0.023291,-0.012754,-8.362866
0.013000,-0.023555,-0.028461,-8.587178
0.014000,-0.023686,-0.043872,-8.765773
0.015000,-0.023752,-0.058920,-8.905558
0.016000,-0.023653,-0.073178,-8.994691
0.017000,-0.023522,-0.086975,-9.042711
0.018000,-0.023258,-0.100015,-9.043698
0.019000,-0.023160,-0.112692,-9.004229
0.020000,-0.022830,-0.124152,-8.916412
0.021000,-0.022172,-0.135216,-8.790441
0.022000,-0.021546,-0.145127,-8.625660
0.023000,-0.020986,-0.154709,-8.421082
0.024000,-0.020229,-0.163633,-8.186902
0.025000,-0.019768,-0.171964,-7.914899
0.026000,-0.018945,-0.179801,-7.623492
0.027000,-0.018253,-0.186584,-7.292288
0.028000,-0.017232,-0.192446,-6.948915
0.029000,-0.016376,-0.197945,-6.573311
0.030000,-0.015092,-0.203082,-6.186524
0.031000,-0.014302,-0.207231,-5.779676
0.032000,-0.013347,-0.210524,-5.354082
0.033000,-0.012425,-0.213059,-4.920924
0.034000,-0.011338,-0.214738,-4.466389
0.035000,-0.010285,-0.215463,-4.016130
0.036000,-0.009033,-0.215562,-3.539231
0.037000,-0.007650,-0.214607,-3.068912
0.038000,-0.006827,-0.212796,-2.584122
0.039000,-0.005707,-0.210458,-2.099332
0.040000,-0.004588,-0.206770,-1.607966
0.041000,-0.003468,-0.202588,-1.109694
0.042000,-0.001591,-0.195640,-0.611422
0.043000,-0.000472,-0.190931,-0.103614
0.044000,0.001240,-0.182370,0.402221
0.045000,0.002327,-0.174697,0.933380
0.046000,0.004204,-0.165181,1.461907
0.047000,0.005554,-0.155072,1.978593
0.048000,0.007036,-0.143448,2.480151
0.049000,0.008551,-0.131396,2.976117
0.050000,0.009934,-0.118422,3.466491
0.051000,0.011514,-0.104493,3.949630
0.052000,0.012897,-0.089972,4.430795
0.053000,0.014280,-0.074265,4.902423
0.054000,0.015597,-0.058327,5.368459
0.055000,0.016684,-0.042093,5.821669
0.056000,0.017935,-0.025530,6.262710
0.057000,0.019121,-0.008276,6.683689
0.058000,0.020109,0.008814,7.083949
0.059000,0.021129,0.026069,7.456910
0.060000,0.021788,0.043027,7.796982
0.061000,0.022611,0.059129,8.091339
0.062000,0.023039,0.075461,8.338994
0.063000,0.023303,0.090773,8.549155
0.064000,0.023665,0.106315,8.724125
0.065000,0.023632,0.121265,8.870811
0.066000,0.023698,0.135753,8.976056
0.067000,0.023698,0.149583,9.030323
0.068000,0.023467,0.162689,9.038545
0.069000,0.023138,0.175268,9.003025
0.070000,0.022611,0.187089,8.919815
0.071000,0.022018,0.197758,8.802072
0.072000,0.021393,0.208624,8.634667
0.073000,0.020767,0.218338,8.437661
0.074000,0.020273,0.227031,8.203162
0.075000,0.019483,0.235625,7.936761
0.076000,0.018956,0.243067,7.643720
0.077000,0.018199,0.249752,7.315487
0.078000,0.017178,0.256140,6.973441
0.079000,0.016322,0.261408,6.596534
0.080000,0.015466,0.265919,6.214364
0.081000,0.014478,0.270332,5.801936
0.082000,0.013424,0.274020,5.378984
0.083000,0.012403,0.276391,4.940574
0.084000,0.011514,0.278202,4.489338
0.085000,0.010263,0.279288,4.033497
0.086000,0.009242,0.279486,3.560882
0.087000,0.007925,0.278564,3.091557
0.088000,0.006674,0.276852,2.603813
0.089000,0.004731,0.274250,2.123963
0.090000,0.004303,0.270859,1.629641
0.091000,0.003084,0.266677,1.136963
0.092000,0.001043,0.261573,0.635734
0.093000,0.000648,0.254823,0.130886
0.094000,0.000845,0.248665,-0.378238
0.095000,-0.003106,0.239939,-0.900847
0.096000,-0.003929,0.229501,-1.424444
0.097000,-0.005576,0.218766,-1.944424
0.098000,-0.006728,0.207570,-2.443355
0.099000,-0.008506,0.195716,-2.941301
0.100000,-0.010021,0.183072,-3.429380
0.101000,-0.011174,0.169571,-3.914501
0.102000,-0.012787,0.155214,-4.393373
0.103000,-0.014269,0.139606,-4.863038
0.104000,-0.015454,0.123339,-5.331059
0.105000,-0.016936,0.107073,-5.779348
0.106000,-0.018187,0.090345,-6.221717
0.107000,-0.019406,0.073815,-6.641722
0.108000,-0.020163,0.056396,-7.041665
0.109000,-0.020986,0.039405,-7.414639
0.110000,-0.021711,0.022150,-7.757355
0.111000,-0.022303,0.005357,-8.065866
0.112000,-0.022896,-0.011141,-8.337211
0.113000,-0.023390,-0.027243,-8.564484
0.114000,-0.023621,-0.042719,-8.751630
0.115000,-0.023785,-0.057471,-8.893388
0.116000,-0.023818,-0.071598,-8.990086
0.117000,-0.023686,-0.085065,-9.042711
0.118000,-0.023357,-0.097973,-9.046987
0.119000,-0.022995,-0.110552,-9.010150
0.120000,-0.022764,-0.122406,-8.925292
0.121000,-0.022205,-0.133602,-8.806228
0.122000,-0.021842,-0.144008,-8.641118
0.123000,-0.021118,-0.153820,-8.440816
0.124000,-0.020426,-0.162645,-8.210254
0.125000,-0.019768,-0.171240,-7.947132
0.126000,-0.018648,-0.179044,-7.652106
0.127000,-0.018154,-0.185827,-7.328796
0.128000,-0.017068,-0.192446,-6.985752
0.129000,-0.016376,-0.197550,-6.614752
0.130000,-0.015421,-0.202983,-6.234215
0.131000,-0.014499,-0.206704,-5.823749
0.132000,-0.013676,-0.210754,-5.406706
0.133000,-0.012622,-0.212532,-4.965654
0.134000,-0.011569,-0.214014,-4.519670
0.135000,-0.010449,-0.214870,-4.060202
0.136000,-0.009395,-0.215167,-3.591197
0.137000,-0.008078,-0.214508,-3.117259
0.138000,-0.006893,-0.213125,-2.632798
0.139000,-0.005740,-0.210787,-2.154915
0.140000,-0.004456,-0.207461,-1.656313
0.141000,-0.003370,-0.203049,-1.169881
0.142000,-0.002678,-0.195969,-0.666018
0.143000,-0.000307,-0.191820,-0.164459
0.144000,0.000878,-0.184214,0.348283
0.145000,0.002426,-0.176179,0.874179
0.146000,0.004039,-0.166300,1.403693
0.147000,0.005389,-0.155697,1.924655
0.148000,0.006772,-0.144403,2.422266
0.149000,0.008221,-0.132153,2.924481
0.150000,0.010889,-0.119542,3.410251
0.151000,0.011086,-0.105580,3.899968
0.152000,0.012502,-0.091388,4.380804
0.153000,0.014017,-0.075812,4.854734
0.154000,0.015367,-0.060237,5.321428
0.155000,0.016816,-0.044135,5.775296
0.156000,0.018034,-0.027440,6.218310
0.157000,0.019121,-0.010449,6.638960
0.158000,0.020109,0.006970,7.041522
0.159000,0.020965,0.024225,7.415141
0.160000,0.021821,0.041183,7.761791
0.161000,0.022677,0.057878,8.059437
0.162000,0.022940,0.074210,8.311696
0.163000,0.023138,0.089983,8.526791
0.164000,0.023336,0.105229,8.707023
0.165000,0.023500,0.120145,8.857984
0.166000,0.023599,0.134766,8.968820
0.167000,0.023368,0.148398,9.028678
0.168000,0.023336,0.161569,9.042492
0.169000,0.022940,0.173917,9.010260
0.170000,0.022842,0.185607,8.933629
0.171000,0.022315,0.196737,8.814570
0.172000,0.021788,0.206747,8.654729
0.173000,0.020998,0.217021,8.460026
0.174000,0.020372,0.226340,8.226185
0.175000,0.019746,0.234605,7.951232
0.176000,0.019055,0.242507,7.671346
0.177000,0.018166,0.249686,7.352323
0.178000,0.017244,0.255843,7.006988
0.179000,0.016256,0.261375,6.638632
0.180000,0.015334,0.266545,6.253173
0.181000,0.014346,0.270332,5.845678
0.182000,0.013523,0.273921,5.428975
0.183000,0.012502,0.276391,4.987605
0.184000,0.011284,0.278136,4.535382
0.185000,0.010296,0.278893,4.080528
0.186000,0.009275,0.279091,3.616136
0.187000,0.008155,0.278498,3.137930
0.188000,0.006937,0.276753,2.656436
0.189000,0.005686,0.274876,2.172639
0.190000,0.004665,0.271451,1.677988
0.191000,0.003282,0.267698,1.189257
0.192000,0.001537,0.262330,0.684409
0.193000,0.000483,0.254691,0.185153
0.194000,-0.002217,0.247249,-0.326273
0.195000,-0.001097,0.238457,-0.845922
0.196000,-0.004094,0.230719,-1.372479
0.197000,-0.005246,0.220511,-1.887196
0.198000,-0.006761,0.209414,-2.389416
0.199000,-0.008342,0.197165,-2.887691
0.200000,-0.009626,0.184389,-3.376099
0.201000,-0.011239,0.170658,-3.863851
0.202000,-0.012622,0.157091,-4.340421
0.203000,-0.013907,0.141055,-4.817321
0.204000,-0.015355,0.125480,-5.282382
0.205000,-0.016574,0.108917,-5.737577
0.206000,-0.017891,0.092650,-6.178631
0.207000,-0.019175,0.075428,-6.600280
0.208000,-0.020064,0.058404,-7.003841
0.209000,-0.021217,0.041446,-7.377144
0.210000,-0.021974,0.024258,-7.724794
0.211000,-0.022567,0.007530,-8.035278
0.212000,-0.022995,-0.009033,-8.308268
0.213000,-0.023258,-0.025102,-8.541789
0.214000,-0.023489,-0.040480,-8.731896
0.215000,-0.023621,-0.055825,-8.880890
0.216000,-0.023719,-0.070247,-8.982193
0.217000,-0.023653,-0.084045,-9.038106
0.218000,-0.023357,-0.097051,-9.050934
0.219000,-0.022995,-0.109597,-9.015083
0.220000,-0.022600,-0.121386,-8.940093
0.221000,-0.022172,-0.132351,-8.820700
0.222000,-0.021842,-0.142658,-8.662168
0.223000,-0.021250,-0.152437,-8.468444
0.224000,-0.020591,-0.161657,-8.234922
0.225000,-0.019933,-0.169890,-7.977062
0.226000,-0.018945,-0.177760,-7.680392
0.227000,-0.018319,-0.184872,-7.366619
0.228000,-0.017463,-0.191590,-7.017984
0.229000,-0.016409,-0.196924,-6.655536
0.230000,-0.015586,-0.202094,-6.268420
0.231000,-0.014532,-0.206210,-5.865848
0.232000,-0.013479,-0.209700,-5.447818
0.233000,-0.012655,-0.212335,-5.010055
0.234000,-0.011635,-0.214475,-4.567360
0.235000,-0.010548,-0.215199,-4.104932
0.236000,-0.009560,-0.215134,-3.612246
0.237000,-0.008309,-0.214376,-3.162318
0.238000,-0.006959,-0.212730,-2.686408
0.239000,-0.005773,-0.210721,-2.198329
0.240000,-0.004588,-0.207494,-1.708607
0.241000,-0.003205,-0.203543,-1.214611
0.242000,-0.001987,-0.197122,-0.711077
0.243000,-0.001526,-0.191820,-0.212806
0.244000,0.000549,-0.185201,0.301909
0.245000,0.002228,-0.176409,0.825504
0.246000,0.004006,-0.167091,1.355675
0.247000,0.005422,-0.156850,1.870717
0.248000,0.006904,-0.145950,2.378195
0.249000,0.008024,-0.133701,2.873503
0.250000,0.009604,-0.120958,3.363878
0.251000,0.011086,-0.107127,3.851621
0.252000,0.012667,-0.092738,4.328840
0.253000,0.013984,-0.077195,4.806716
0.254000,0.015268,-0.062048,5.271108
0.255000,0.016585,-0.045123,5.729580
0.256000,0.017705,-0.028692,6.171937
0.257000,0.018758,-0.011898,6.597849
0.258000,0.019648,0.005620,7.002713
0.259000,0.020932,0.022677,7.381923
0.260000,0.021788,0.039800,7.728573
0.261000,0.022578,0.056132,8.034770
0.262000,0.022907,0.072531,8.289332
0.263000,0.023270,0.087908,8.507715
0.264000,0.023336,0.103352,8.689263
0.265000,0.023500,0.118367,8.843513
0.266000,0.023599,0.133119,8.957967
0.267000,0.023599,0.146949,9.022758
0.268000,0.023533,0.160549,9.041176
0.269000,0.023171,0.173028,9.013878
0.270000,0.022743,0.185080,8.943495
0.271000,0.022150,0.195947,8.827068
0.272000,0.021393,0.206517,8.675120
0.273000,0.020866,0.216362,8.482719
0.274000,0.020570,0.225615,8.255785
0.275000,0.019878,0.234144,7.994974
0.276000,0.019285,0.241618,7.703906
0.277000,0.018462,0.248830,7.387514
0.278000,0.017441,0.254921,7.042508
0.279000,0.016519,0.260816,6.680729
0.280000,0.015433,0.265755,6.292639
0.281000,0.014181,0.270266,5.892381
0.282000,0.013720,0.273888,5.468442
0.283000,0.012733,0.276621,5.034637
0.284000,0.011580,0.278399,4.587347
0.285000,0.010460,0.279387,4.127230
0.286000,0.009077,0.279815,3.665469
0.287000,0.008123,0.278729,3.186277
0.288000,0.006871,0.277510,2.713663
0.289000,0.005818,0.275271,2.222959
0.290000,0.004830,0.272011,1.738175
0.291000,0.003447,0.267829,1.241221
0.292000,0.001636,0.262627,0.740650
0.293000,0.001306,0.256173,0.239091
0.294000,-0.000933,0.250344,-0.271677
0.295000,-0.001097,0.239379,-0.786722
0.296000,-0.003468,0.231904,-1.319527
0.297000,-0.005016,0.222026,-1.828982
0.298000,-0.006465,0.210764,-2.339753
0.299000,-0.007980,0.198713,-2.832108
0.300000,-0.009626,0.186331,-3.325778
0.301000,-0.011108,0.172798,-3.810241
0.302000,-0.012589,0.158474,-4.290429
0.303000,-0.013907,0.143096,-4.765027
0.304000,-0.015158,0.127554,-5.229101
0.305000,-0.016508,0.110991,-5.687585
0.306000,-0.017628,0.094231,-6.126336
0.307000,-0.018714,0.077371,-6.555879
0.308000,-0.020064,0.060051,-6.958453
0.309000,-0.020920,0.042862,-7.340636
0.310000,-0.021809,0.026069,-7.688286
0.311000,-0.022369,0.009308,-8.004361
0.312000,-0.022764,-0.006827,-8.283271
0.313000,-0.023225,-0.023028,-8.519095
0.314000,-0.023588,-0.038603,-8.715780
0.315000,-0.024114,-0.053783,-8.862471
0.316000,-0.023917,-0.068173,-8.973970
0.317000,-0.023950,-0.081871,-9.034160
0.318000,-0.023588,-0.095306,-9.049289
0.319000,-0.023357,-0.107720,-9.020675
0.320000,-0.022699,-0.119838,-8.947986
0.321000,-0.022205,-0.131100,-8.832541
0.322000,-0.021678,-0.141867,-8.682889
0.323000,-0.021217,-0.151548,-8.490480
0.324000,-0.020591,-0.160933,-8.263208
0.325000,-0.020031,-0.169330,-8.007650
0.326000,-0.019011,-0.177035,-7.720189
0.327000,-0.018187,-0.184082,-7.404114
0.328000,-0.017298,-0.190338,-7.061728
0.329000,-0.016673,-0.196167,-6.700924
0.330000,-0.015816,-0.201139,-6.314795
0.331000,-0.015059,-0.205156,-5.919129
0.332000,-0.013841,-0.208614,-5.492877
0.333000,-0.012886,-0.211775,-5.063665
0.334000,-0.011766,-0.213652,-4.614392
0.335000,-0.010746,-0.214706,-4.160515
0.336000,-0.009560,-0.215101,-3.693483
0.337000,-0.008441,-0.214870,-3.219216
0.338000,-0.007255,-0.213388,-2.742648
0.339000,-0.006070,-0.211215,-2.256215
0.340000,-0.004720,-0.208383,-1.772741
0.341000,-0.003238,-0.204102,-1.273153
0.342000,-0.002283,-0.203279,-0.781459
0.343000,0.000220,-0.191326,-0.271677
0.344000,0.000779,-0.185926,0.231855
0.345000,0.002162,-0.177364,0.755121
0.346000,0.003249,-0.167683,1.288582
0.347000,0.004961,-0.157607,1.809215
0.348000,0.006443,-0.146938,2.317350
0.349000,0.007991,-0.135051,2.811343
0.350000,0.009374,-0.122242,3.308295
0.351000,0.010823,-0.107885,3.790776
0.352000,0.012370,-0.094582,4.275231
0.353000,0.013753,-0.079533,4.748832
0.354000,0.015070,-0.063925,5.216841
0.355000,0.016486,-0.047823,5.675642
0.356000,0.017738,-0.030700,6.117341
0.357000,0.018956,-0.013577,6.548845
0.358000,0.019977,0.003414,6.951735
0.359000,0.020833,0.020800,7.334892
0.360000,0.021656,0.037857,7.686475
0.361000,0.022183,0.054881,7.997606
0.362000,0.022710,0.071016,8.259731
0.363000,0.023138,0.086723,8.482719
0.364000,0.023401,0.102002,8.670187
0.365000,0.023566,0.117083,8.827726
0.366000,0.023533,0.131835,8.947113
0.367000,0.023368,0.145862,9.020785
0.368000,0.023434,0.158507,9.042492
0.369000,0.022973,0.171316,9.021772
0.370000,0.022677,0.183105,8.953362
0.371000,0.022315,0.194564,8.844170
0.372000,0.021821,0.205232,8.695183
0.373000,0.021393,0.215308,8.506728
0.374000,0.020537,0.224693,8.285385
0.375000,0.019680,0.233123,8.027206
0.376000,0.018989,0.241059,7.746004
0.377000,0.018100,0.248434,7.426981
0.378000,0.017639,0.254987,7.091513
0.379000,0.016552,0.260552,6.724801
0.380000,0.015663,0.265557,6.346248
0.381000,0.014774,0.269640,5.943687
0.382000,0.013819,0.273328,5.524024
0.383000,0.012765,0.276028,5.093837
0.384000,0.011843,0.277938,4.643258
0.385000,0.010691,0.278794,4.194324
0.386000,0.009538,0.279716,3.720065
0.387000,0.008518,0.279255,3.251726
0.388000,0.007332,0.277774,2.766614
0.389000,0.005883,0.276061,2.285448
0.390000,0.004698,0.272604,1.796717
0.391000,0.003282,0.269081,1.300093
0.392000,0.002393,0.263219,0.808730
0.393000,0.001701,0.257786,0.302567
0.394000,-0.000439,0.250410,-0.197677
0.395000,-0.003666,0.244714,-0.720614
0.396000,-0.002711,0.232596,-1.245855
0.397000,-0.004983,0.222783,-1.766821
0.398000,-0.006629,0.212246,-2.273975
0.399000,-0.008045,0.200359,-2.770604
0.400000,-0.009330,0.187714,-3.263946
0.401000,-0.010811,0.174214,-3.748409
0.402000,-0.012293,0.160022,-4.231228
0.403000,-0.013544,0.145204,-4.721283
0.404000,-0.015059,0.129695,-5.174833
0.405000,-0.016376,0.113395,-5.630028
0.406000,-0.017792,0.096700,-6.075028
0.407000,-0.018912,0.079874,-6.501939
0.408000,-0.019900,0.062718,-6.909776
0.409000,-0.020953,0.045595,-7.291630
0.410000,-0.021612,0.028374,-7.643226
0.411000,-0.022435,0.011481,-7.965222
0.412000,-0.022797,-0.005181,-8.248736
0.413000,-0.023324,-0.021217,-8.491138
0.414000,-0.023621,-0.037121,-8.692099
0.415000,-0.023851,-0.052005,-8.850302
0.416000,-0.023752,-0.066461,-8.962458
0.417000,-0.023653,-0.080521,-9.028568
0.418000,-0.023456,-0.093857,-9.050934
0.419000,-0.023127,-0.106436,-9.029555
0.420000,-0.022830,-0.117961,-8.960814
0.421000,-0.022468,-0.129354,-8.852604
0.422000,-0.022172,-0.139924,-8.702952
0.423000,-0.021414,-0.149968,-8.519424
0.424000,-0.020756,-0.159188,-8.294454
0.425000,-0.020064,-0.168111,-8.038238
0.426000,-0.019208,-0.175948,-7.756697
0.427000,-0.018352,-0.183324,-7.440293
0.428000,-0.017562,-0.189811,-7.109090
0.429000,-0.016673,-0.195574,-6.742036
0.430000,-0.015849,-0.203477,-6.369393
0.431000,-0.014829,-0.204893,-5.964518
0.432000,-0.013742,-0.208745,-5.550434
0.433000,-0.012655,-0.211413,-5.118591
0.434000,-0.011931,-0.213652,-4.673265
0.435000,-0.010910,-0.214409,-4.220703
0.436000,-0.009856,-0.214574,-3.750711
0.437000,-0.008506,-0.214277,-3.285324
0.438000,-0.007486,-0.213388,-2.798889
0.439000,-0.006037,-0.213454,-2.321335
0.440000,-0.004884,-0.208153,-1.826680
0.441000,-0.003765,-0.204596,-1.335972
0.442000,-0.003534,-0.197714,-0.836713
0.443000,-0.001032,-0.193532,-0.332851
0.444000,0.000648,-0.186288,0.171011
0.445000,0.002294,-0.178188,0.693289
0.446000,0.003611,-0.169725,1.218199
0.447000,0.004928,-0.158957,1.747384
0.448000,0.006904,-0.148025,2.250585
0.449000,0.007760,-0.136006,2.752143
0.450000,0.009341,-0.123328,3.243833
0.451000,0.010724,-0.109959,3.731905
0.452000,0.012272,-0.095866,4.213728
0.453000,0.013391,-0.081246,4.689631
0.454000,0.014873,-0.065539,5.159943
0.455000,0.015960,-0.049206,5.617429
0.456000,0.017441,-0.032742,6.066034
0.457000,0.018627,-0.015718,6.494249
0.458000,0.019812,0.001339,6.907663
0.459000,0.020932,0.018462,7.288847
0.460000,0.021656,0.035651,7.646680
0.461000,0.022348,0.052247,7.963072
0.462000,0.022479,0.068711,8.229473
0.463000,0.023039,0.084352,8.456408
0.464000,0.023401,0.100224,8.648151
0.465000,0.023566,0.115502,8.807335
0.466000,0.023698,0.130287,8.934615
0.467000,0.023533,0.144051,9.011576
0.468000,0.023368,0.157387,9.040189
0.469000,0.022973,0.169966,9.025060
0.470000,0.022710,0.181985,8.964545
0.471000,0.022150,0.193609,8.861602
0.472000,0.022084,0.204113,8.716232
0.473000,0.021426,0.214321,8.537315
0.474000,0.020800,0.223310,8.312025
0.475000,0.019977,0.232135,8.063713
0.476000,0.019088,0.239708,7.776920
0.477000,0.018232,0.247249,7.466119
0.478000,0.017639,0.254131,7.130980
0.479000,0.016816,0.260025,6.767885
0.480000,0.015795,0.265195,6.393280
0.481000,0.014807,0.269542,5.987430
0.482000,0.013687,0.273131,5.574015
0.483000,0.012733,0.275930,5.140210
0.484000,0.011613,0.278169,4.700156
0.485000,0.010526,0.279288,4.242342
0.486000,0.009571,0.279716,3.777621
0.487000,0.008682,0.279255,3.307966
0.488000,0.007530,0.277840,2.822525
0.489000,0.006147,0.275633,2.344319
0.490000,0.005027,0.272867,1.849340
0.491000,0.003513,0.261770,1.360609
0.492000,0.002327,0.264240,0.860037
0.493000,0.001998,0.260124,0.357821
0.494000,-0.000274,0.251826,-0.147027
0.495000,-0.000604,0.242705,-0.662401
0.496000,-0.003501,0.234637,-1.187312
0.497000,-0.005049,0.224693,-1.711896
0.498000,-0.006629,0.213629,-2.215432
0.499000,-0.007848,0.201874,-2.716995
0.500000,-0.009264,0.189822,-3.205403
0.501000,-0.010746,0.175992,-3.695128
0.502000,-0.011964,0.161602,-4.174329
0.503000,-0.013511,0.146653,-4.652544
0.504000,-0.014894,0.130946,-5.121551
0.505000,-0.016376,0.114976,-5.580035
0.506000,-0.017529,0.098347,-6.027337
0.507000,-0.018418,0.081586,-6.455235
0.508000,-0.019636,0.064562,-6.867676
0.509000,-0.021052,0.047604,-7.250517
0.510000,-0.021678,0.030547,-7.609020
0.511000,-0.022369,0.013391,-7.931016
0.512000,-0.022830,-0.002941,-8.219793
0.513000,-0.023423,-0.018813,-8.464826
0.514000,-0.023522,-0.034816,-8.671707
0.515000,-0.023884,-0.050029,-8.834185
0.516000,-0.023719,-0.064946,-8.951604
0.517000,-0.023588,-0.078710,-9.022977
0.518000,-0.023522,-0.092244,-9.051592
0.519000,-0.023258,-0.105053,-9.030871
0.520000,-0.022731,-0.117072,-8.970023
0.521000,-0.022369,-0.128630,-8.866418
0.522000,-0.021842,-0.139035,-8.721042
0.523000,-0.021414,-0.149013,-8.541460
0.524000,-0.020789,-0.158430,-8.319450
0.525000,-0.020163,-0.166860,-8.075404
0.526000,-0.019406,-0.174763,-7.786298
0.527000,-0.018681,-0.182172,-7.481077
0.528000,-0.017628,-0.188560,-7.141322
0.529000,-0.016837,-0.194652,-6.783149
0.530000,-0.015882,-0.200052,-6.405900
0.531000,-0.014960,-0.204531,-6.006288
0.532000,-0.014104,-0.208054,-5.597138
0.533000,-0.013050,-0.210787,-5.160690
0.534000,-0.011766,-0.213323,-4.705825
0.535000,-0.010844,-0.214409,-4.264446
0.536000,-0.009659,-0.215265,-3.804650
0.537000,-0.008572,-0.214837,-3.330712
0.538000,-0.007486,-0.213751,-2.852170
0.539000,-0.006300,-0.211314,-2.372314
0.540000,-0.005345,-0.208054,-1.879632
0.541000,-0.003896,-0.204267,-1.391555
0.542000,-0.001855,-0.200678,-0.889336
0.543000,-0.001624,-0.192479,-0.386132
0.544000,0.000286,-0.186914,0.122335
0.545000,0.000582,-0.177661,0.634418
0.546000,0.002986,-0.169988,1.167879
0.547000,0.004632,-0.160209,1.694103
0.548000,0.006377,-0.149243,2.202568
0.549000,0.007892,-0.137389,2.703467
0.550000,0.009308,-0.125139,3.192855
0.551000,0.010757,-0.111902,3.684216
0.552000,0.012041,-0.098632,4.160448
0.553000,0.013391,-0.082596,4.641942
0.554000,0.014906,-0.066955,5.110281
0.555000,0.016058,-0.050490,5.573687
0.556000,0.017375,-0.034125,6.019990
0.557000,0.018561,-0.016903,6.451493
0.558000,0.019615,-0.000208,6.865566
0.559000,0.020471,0.016882,7.251354
0.560000,0.021360,0.034103,7.614119
0.561000,0.022051,0.050831,7.934788
0.562000,0.022776,0.067229,8.205793
0.563000,0.023237,0.083068,8.436017
0.564000,0.023566,0.098380,8.630391
0.565000,0.023731,0.113527,8.794508
0.566000,0.023632,0.128246,8.924420
0.567000,0.023566,0.142339,9.004998
0.568000,0.023467,0.156070,9.040518
0.569000,0.023204,0.169110,9.026047
0.570000,0.022776,0.181261,8.972767
0.571000,0.022446,0.192851,8.870482
0.572000,0.022018,0.203388,8.731361
0.573000,0.021195,0.213300,8.552444
0.574000,0.020602,0.222684,8.335376
0.575000,0.019779,0.231641,8.089695
0.576000,0.019252,0.239445,7.805862
0.577000,0.018462,0.246920,7.502955
0.578000,0.017869,0.253473,7.162553
0.579000,0.017013,0.259202,6.809983
0.580000,0.015927,0.264273,6.425511
0.581000,0.014873,0.268554,6.030843
0.582000,0.013885,0.272340,5.614140
0.583000,0.012864,0.275502,5.181650
0.584000,0.012140,0.278004,4.743569
0.585000,0.011053,0.279486,4.283782
0.586000,0.009769,0.280276,3.827941
0.587000,0.008781,0.279749,3.348091
0.588000,0.007431,0.278465,2.874819
0.589000,0.006147,0.276127,2.388390
0.590000,0.004863,0.273822,1.901962
0.591000,0.003842,0.269542,1.410929
0.592000,0.002261,0.265393,0.910029
0.593000,0.001273,0.259070,0.415048
0.594000,0.000055,0.252485,-0.098680
0.595000,-0.001888,0.246492,-0.633129
0.596000,-0.003172,0.235033,-1.138636
0.597000,-0.004588,0.225450,-1.656971
0.598000,-0.006168,0.214452,-2.169058
0.599000,-0.007551,0.203224,-2.667990
0.600000,-0.009000,0.190810,-3.159358
0.601000,-0.010449,0.177605,-3.647438
0.602000,-0.011931,0.163315,-4.127296
0.603000,-0.013577,0.148793,-4.605841
0.604000,-0.014862,0.133020,-5.076492
0.605000,-0.016146,0.116852,-5.533660
0.606000,-0.017430,0.100289,-5.980305
0.607000,-0.018550,0.083364,-6.412478
0.608000,-0.019406,0.066274,-6.823933
0.609000,-0.020426,0.049086,-7.213351
0.610000,-0.021381,0.031732,-7.572183
0.611000,-0.022139,0.014939,-7.901414
0.612000,-0.022896,-0.001558,-8.192494
0.613000,-0.023094,-0.017628,-8.444105
0.614000,-0.023423,-0.033302,-8.653946
0.615000,-0.023621,-0.048482,-8.821687
0.616000,-0.023719,-0.062937,-8.943382
0.617000,-0.023851,-0.076965,-9.017714
0.618000,-0.023851,-0.090433,-9.050934
0.619000,-0.023423,-0.103242,-9.034817
0.620000,-0.022995,-0.115590,-8.978246
0.621000,-0.022567,-0.126885,-8.874641
0.622000,-0.021941,-0.138607,-8.738803
0.623000,-0.021316,-0.148157,-8.557577
0.624000,-0.020756,-0.157706,-8.344118
0.625000,-0.020064,-0.166070,-8.098427
0.626000,-0.019472,-0.174368,-7.817544
0.627000,-0.018582,-0.181645,-7.513639
0.628000,-0.017628,-0.188231,-7.177172
0.629000,-0.016673,-0.194323,-6.826235
0.630000,-0.016047,-0.198999,-6.443395
0.631000,-0.012458,-0.203872,-6.054307
0.632000,-0.014335,-0.207165,-5.636277
0.633000,-0.013116,-0.210260,-5.210025
0.634000,-0.012194,-0.212829,-4.766671
0.635000,-0.011009,-0.214212,-4.312794
0.636000,-0.010021,-0.214969,-3.851024
0.637000,-0.008671,-0.214837,-3.376428
0.638000,-0.007584,-0.213586,-2.904793
0.639000,-0.006465,-0.211643,-2.417701
0.640000,-0.004061,-0.208383,-1.935543
0.641000,-0.003666,-0.205288,-1.438915
0.642000,-0.002415,-0.200250,-0.943932
0.643000,-0.003007,-0.194553,-0.442043
0.644000,0.000154,-0.187605,0.066423
0.645000,0.001636,-0.178253,0.577520
0.646000,0.003052,-0.170910,1.113941
0.647000,0.004533,-0.160867,1.634574
0.648000,0.006114,-0.150429,2.151918
0.649000,0.007563,-0.138838,2.648213
0.650000,0.008847,-0.126193,3.145824
0.651000,0.010460,-0.113153,3.631923
0.652000,0.011876,-0.099192,4.115061
0.653000,0.013292,-0.084308,4.592280
0.654000,0.014609,-0.068535,5.060619
0.655000,0.016289,-0.052631,5.524682
0.656000,0.017310,-0.035936,5.969341
0.657000,0.018462,-0.018978,6.406435
0.658000,0.019384,-0.001723,6.819521
0.659000,0.020339,0.015103,7.210900
0.660000,0.021261,0.032391,7.573995
0.661000,0.022018,0.049250,7.900912
0.662000,0.022677,0.065616,8.178824
0.663000,0.023204,0.081388,8.413323
0.664000,0.023401,0.096931,8.612302
0.665000,0.023599,0.111946,8.778063
0.666000,0.023665,0.126863,8.912251
0.667000,0.023533,0.141055,9.000065
0.668000,0.023665,0.154786,9.036901
0.669000,0.023368,0.167661,9.030981
0.670000,0.023006,0.180141,8.978687
0.671000,0.022348,0.191633,8.882322
0.672000,0.021821,0.202269,8.749779
0.673000,0.021228,0.212378,8.571849
0.674000,0.020767,0.221960,8.360372
0.675000,0.020010,0.230719,8.116006
0.676000,0.019516,0.238556,7.841054
0.677000,0.018791,0.246129,7.533541
0.678000,0.017869,0.252715,7.201691
0.679000,0.016849,0.258708,6.846819
0.680000,0.015894,0.263977,6.467609
0.681000,0.015136,0.268653,6.077217
0.682000,0.014148,0.272801,5.659856
0.683000,0.013161,0.276852,5.235259
0.684000,0.012074,0.278136,4.788298
0.685000,0.010954,0.279486,4.337391
0.686000,0.009802,0.279947,3.873328
0.687000,0.008616,0.279651,3.402029
0.688000,0.007596,0.278729,2.927770
0.689000,0.006476,0.276885,2.441342
0.690000,0.005258,0.273954,1.959518
0.691000,0.003842,0.270266,1.461907
0.692000,0.002525,0.265656,0.972518
0.693000,0.001833,0.261309,0.463066
0.694000,-0.000077,0.253275,-0.040467
0.695000,-0.001394,0.242968,-0.553537
0.696000,-0.002513,0.235955,-1.080094
0.697000,-0.004226,0.226768,-1.602046
0.698000,-0.005938,0.216066,-2.114790
0.699000,-0.007453,0.204607,-2.611420
0.700000,-0.009033,0.192390,-3.106406
0.701000,-0.010252,0.179285,-3.591854
0.702000,-0.011865,0.165323,-4.075989
0.703000,-0.013248,0.150407,-4.552231
0.704000,-0.014763,0.134996,-5.021567
0.705000,-0.016014,0.118729,-5.484655
0.706000,-0.017199,0.102298,-5.930641
0.707000,-0.018319,0.085208,-6.366433
0.708000,-0.019406,0.068349,-6.780189
0.709000,-0.020328,0.051061,-7.173225
0.710000,-0.021250,0.034169,-7.534688
0.711000,-0.022007,0.016882,-7.868195
0.712000,-0.022534,0.000351,-8.163550
0.713000,-0.023258,-0.015487,-8.420424
0.714000,-0.023555,-0.031260,-8.633554
0.715000,-0.023686,-0.046440,-8.805900
0.716000,-0.023818,-0.061093,-8.931541
0.717000,-0.023719,-0.075450,-9.014096
0.718000,-0.023588,-0.089181,-9.047645
0.719000,-0.023357,-0.102056,-9.040738
0.720000,-0.023258,-0.114240,-8.985811
0.721000,-0.022534,-0.125699,-8.889770
0.722000,-0.021941,-0.136599,-8.756235
0.723000,-0.021381,-0.146675,-8.580929
0.724000,-0.020723,-0.156257,-8.372404
0.725000,-0.020097,-0.165148,-8.126055
0.726000,-0.019340,-0.173314,-7.856026
0.727000,-0.018582,-0.180690,-7.547515
0.728000,-0.017990,-0.186947,-7.221574
0.729000,-0.017035,-0.193203,-6.862743
0.730000,-0.016179,-0.198208,-6.488454
0.731000,-0.015059,-0.203180,-6.096077
0.732000,-0.014137,-0.207066,-5.683967
0.733000,-0.013281,-0.210491,-5.259031
0.734000,-0.012227,-0.212598,-4.815019
0.735000,-0.011207,-0.214310,-4.338448
0.736000,-0.009889,-0.214870,-3.900687
0.737000,-0.008934,-0.214738,-3.434643
0.738000,-0.007551,-0.213652,-2.955772
0.739000,-0.006366,-0.211775,-2.474600
0.740000,-0.005115,-0.209206,-1.988824
0.741000,-0.003995,-0.204959,-1.494169
0.742000,-0.002843,-0.199953,-1.002475
0.743000,-0.003205,-0.193796,-0.498284
0.744000,-0.000143,-0.188593,0.009854
0.745000,0.002722,-0.180097,0.525226
0.746000,0.002953,-0.172392,1.049807
0.747000,0.004303,-0.161987,1.581623
0.748000,0.005785,-0.151614,2.094363
0.749000,0.007332,-0.140155,2.592960
0.750000,0.008913,-0.127938,3.091228
0.751000,0.010263,-0.114635,3.574038
0.752000,0.011712,-0.100509,4.061452
0.753000,0.013161,-0.085296,4.534396
0.754000,0.014675,-0.070050,5.011285
0.755000,0.016058,-0.054145,5.471402
0.756000,0.017277,-0.037055,5.921981
0.757000,0.018232,-0.020789,6.359404
0.758000,0.019351,-0.003798,6.774463
0.759000,0.020306,0.013523,7.170447
0.760000,0.021261,0.030448,7.534199
0.761000,0.021920,0.047604,7.868681
0.762000,0.022644,0.063772,8.150211
0.763000,0.023237,0.079775,8.388985
0.764000,0.023434,0.094955,8.590924
0.765000,0.023533,0.110431,8.759974
0.766000,0.023665,0.125315,8.899095
0.767000,0.023632,0.139606,8.992171
0.768000,0.023500,0.153436,9.035914
0.769000,0.023401,0.166410,9.034927
0.770000,0.022940,0.178725,8.986580
0.771000,0.021492,0.190579,8.898109
0.772000,0.021953,0.201248,8.765565
0.773000,0.021393,0.211522,8.595858
0.774000,0.020734,0.220906,8.387999
0.775000,0.020109,0.229797,8.145277
0.776000,0.019450,0.238227,7.873285
0.777000,0.018726,0.245175,7.569390
0.778000,0.017935,0.252090,7.245105
0.779000,0.017013,0.258050,6.886615
0.780000,0.015960,0.263713,6.514640
0.781000,0.015136,0.268192,6.118657
0.782000,0.014247,0.271978,5.708202
0.783000,0.013259,0.275172,5.281304
0.784000,0.012304,0.277379,4.838290
0.785000,0.011152,0.279321,4.389684
0.786000,0.009934,0.279914,3.922990
0.787000,0.008748,0.280210,3.460242
0.788000,0.007727,0.279091,2.976445
0.789000,0.006509,0.277510,2.499555
0.790000,0.005291,0.274316,2.009180
0.791000,0.003908,0.270958,1.518476
0.792000,0.002591,0.266479,1.024811
0.793000,0.000812,0.261244,0.517991
0.794000,0.000022,0.254131,0.018405
0.795000,-0.001954,0.243857,-0.498941
0.796000,-0.002546,0.237239,-1.015631
0.797000,-0.004094,0.227657,-1.547779
0.798000,-0.005707,0.217054,-2.054932
0.799000,-0.007354,0.205891,-2.559126
0.800000,-0.008902,0.193773,-3.052467
0.801000,-0.010515,0.180898,-3.538902
0.802000,-0.011766,0.167035,-4.023694
0.803000,-0.013149,0.151987,-4.498291
0.804000,-0.014433,0.136708,-4.972232
0.805000,-0.015948,0.120540,-5.436964
0.806000,-0.017134,0.104043,-5.883608
0.807000,-0.018253,0.087184,-6.317755
0.808000,-0.019373,0.070226,-6.735787
0.809000,-0.020361,0.053037,-7.130797
0.810000,-0.020986,0.036046,-7.496536
0.811000,-0.021875,0.018890,-7.832674
0.812000,-0.022501,0.002195,-8.132304
0.813000,-0.023061,-0.013972,-8.393454
0.814000,-0.023489,-0.029614,-8.611846
0.815000,-0.023818,-0.044728,-8.788139
0.816000,-0.023818,-0.059513,-8.919701
0.817000,-0.023851,-0.073705,-9.006861
0.818000,-0.023686,-0.087403,-9.045671
0.819000,-0.023423,-0.100509,-9.044027
0.820000,-0.023094,-0.112758,-8.993375
0.821000,-0.022830,-0.124514,-8.905229
0.822000,-0.022238,-0.135249,-8.771365
0.823000,-0.021447,-0.142295,-8.602966
0.824000,-0.020789,-0.155072,-8.395098
0.825000,-0.020130,-0.164094,-8.157301
0.826000,-0.019504,-0.172524,-7.884640
0.827000,-0.018813,-0.179834,-7.584024
0.828000,-0.018056,-0.186881,-7.257095
0.829000,-0.017199,-0.192380,-6.904184
0.830000,-0.016277,-0.197912,-6.534829
0.831000,-0.015323,-0.202390,-6.140150
0.832000,-0.014170,-0.205584,-5.737577
0.833000,-0.013413,-0.209536,-5.305076
0.834000,-0.012458,-0.212236,-4.869945
0.835000,-0.011437,-0.213718,-4.416067
0.836000,-0.010252,-0.214442,-3.954626
0.837000,-0.009099,-0.214475,-3.487924
0.838000,-0.007584,-0.213454,-3.005435
0.839000,-0.006498,-0.212137,-2.533472
0.840000,-0.005378,-0.209733,-2.038816
0.841000,-0.004160,-0.209042,-1.556330
0.842000,-0.002678,-0.201896,-1.055098
0.843000,-0.003402,-0.194026,-0.559129
0.844000,-0.000077,-0.189120,-0.049018
0.845000,0.001438,-0.180097,0.461093
0.846000,0.002459,-0.172491,0.986989
0.847000,0.004039,-0.163073,1.522752
0.848000,0.005521,-0.152635,2.031545
0.849000,0.006970,-0.141242,2.538693
0.850000,0.008682,-0.128630,3.030054
0.851000,0.009967,-0.115952,3.523718
0.852000,0.011580,-0.102254,4.006199
0.853000,0.012996,-0.087765,4.484404
0.854000,0.014412,-0.072223,4.956361
0.855000,0.015499,-0.056187,5.419108
0.856000,0.017079,-0.039821,5.871332
0.857000,0.018133,-0.022764,6.307768
0.858000,0.019483,-0.005740,6.729734
0.859000,0.020339,0.011481,7.123744
0.860000,0.021195,0.028637,7.495390
0.861000,0.021887,0.045694,7.830529
0.862000,0.022414,0.062356,8.119624
0.863000,0.022809,0.078359,8.362016
0.864000,0.023105,0.093901,8.570533
0.865000,0.023500,0.109015,8.743530
0.866000,0.023500,0.123965,8.887255
0.867000,0.023500,0.138124,8.985265
0.868000,0.023467,0.151691,9.036243
0.869000,0.023072,0.164632,9.037558
0.870000,0.023039,0.177079,8.995460
0.871000,0.022578,0.188702,8.910606
0.872000,0.022183,0.199832,8.782339
0.873000,0.021492,0.210106,8.618551
0.874000,0.020800,0.219787,8.411679
0.875000,0.020141,0.229073,8.178167
0.876000,0.019549,0.237272,7.902885
0.877000,0.018627,0.244911,7.607542
0.878000,0.017968,0.251760,7.278323
0.879000,0.017013,0.257819,6.931015
0.880000,0.016190,0.263219,6.558382
0.881000,0.015103,0.267961,6.167661
0.882000,0.014116,0.271715,5.761483
0.883000,0.013325,0.275041,5.330308
0.884000,0.012370,0.277411,4.893872
0.885000,0.011415,0.278893,4.439675
0.886000,0.010263,0.279815,3.982519
0.887000,0.009176,0.279684,3.509905
0.888000,0.007892,0.278992,3.032357
0.889000,0.006772,0.277444,2.553822
0.890000,0.005258,0.275106,2.064434
0.891000,0.003941,0.271847,1.578992
0.892000,0.002986,0.266907,1.078421
0.893000,0.000714,0.261046,0.582453
0.894000,0.000187,0.254987,0.073988
0.895000,-0.000505,0.250410,-0.435794
0.896000,-0.003205,0.239972,-0.956430
0.897000,-0.004324,0.229204,-1.485289
0.898000,-0.005707,0.218733,-1.997047
0.899000,-0.007156,0.207274,-2.500911
0.900000,-0.008441,0.195189,-2.992279
0.901000,-0.010054,0.181919,-3.482990
0.902000,-0.011404,0.169044,-3.964493
0.903000,-0.013050,0.154029,-4.445668
0.904000,-0.014565,0.138947,-4.916977
0.905000,-0.015882,0.122845,-5.380394
0.906000,-0.017134,0.106184,-5.831971
0.907000,-0.018220,0.089621,-6.267763
0.908000,-0.019340,0.072432,-6.687439
0.909000,-0.020229,0.055243,-7.084093
0.910000,-0.021052,0.038055,-7.454436
0.911000,-0.021908,0.020932,-7.792877
0.912000,-0.022534,0.004270,-8.098098
0.913000,-0.023160,-0.012194,-8.363852
0.914000,-0.023423,-0.027901,-8.588494
0.915000,-0.023522,-0.043542,-8.770707
0.916000,-0.023588,-0.058130,-8.906544
0.917000,-0.023621,-0.072421,-8.997322
0.918000,-0.023686,-0.085790,-9.044356
0.919000,-0.023423,-0.098862,-9.045342
0.920000,-0.022468,-0.111507,-9.004229
0.921000,-0.022731,-0.122999,-8.915096
0.922000,-0.022303,-0.133931,-8.789125
0.923000,-0.021513,-0.144403,-8.622042
0.924000,-0.020855,-0.153853,-8.420095
0.925000,-0.020196,-0.163271,-8.184929
0.926000,-0.019537,-0.171602,-7.914899
0.927000,-0.018912,-0.179011,-7.623163
0.928000,-0.018089,-0.185959,-7.293932
0.929000,-0.016343,-0.192215,-6.949573
0.930000,-0.016146,-0.197616,-6.573968
0.931000,-0.015553,-0.201995,-6.188827
0.932000,-0.014335,-0.206210,-5.781650
0.933000,-0.013643,-0.209141,-5.356055
0.934000,-0.012589,-0.211643,-4.922240
0.935000,-0.011536,-0.213355,-4.467375
0.936000,-0.010350,-0.214607,-4.016130
0.937000,-0.009033,-0.214409,-3.538902
0.938000,-0.007881,-0.213685,-3.067267
0.939000,-0.006728,-0.212269,-2.583793
0.940000,-0.005543,-0.209832,-2.098017
0.941000,-0.004357,-0.206243,-1.609282
0.942000,-0.002777,-0.202555,-1.111996
0.943000,-0.001427,-0.198735,-0.616027
0.944000,-0.000241,-0.189844,-0.106245
0.945000,0.000121,-0.183456,0.399590
0.946000,0.002162,-0.173545,0.929762
0.947000,0.003908,-0.164226,1.458618
0.948000,0.005357,-0.153425,1.976291
0.949000,0.006871,-0.142328,2.479822
0.950000,0.008419,-0.130309,2.973814
0.951000,0.009967,-0.117138,3.465833
0.952000,0.011448,-0.103802,3.948314
0.953000,0.012897,-0.089050,4.430795
0.954000,0.014214,-0.074067,4.909001
0.955000,0.015564,-0.057899,5.367473
0.956000,0.016783,-0.041534,5.818052
0.957000,0.018133,-0.024740,6.260408
0.958000,0.019384,-0.007584,6.680729
0.959000,0.020207,0.009736,7.080660
0.960000,0.021063,0.026925,7.453950
0.961000,0.021722,0.043949,7.794022
0.962000,0.022315,0.060150,8.088708
0.963000,0.022710,0.076482,8.337021
0.964000,0.023270,0.092024,8.548826
0.965000,0.023401,0.107534,8.725112
0.966000,0.023599,0.122187,8.871468
0.967000,0.023797,0.136379,8.976385
0.968000,0.023566,0.150176,9.030652
0.969000,0.023303,0.162985,9.037887
0.970000,0.022875,0.175860,9.003354
0.971000,0.022644,0.187616,8.919158
0.972000,0.022150,0.196803,8.800099
0.973000,0.021755,0.209316,8.635325
0.974000,0.021096,0.218964,8.439635
0.975000,0.020273,0.227920,8.203162
0.976000,0.019417,0.236284,7.937090
0.977000,0.018693,0.243890,7.643062
0.978000,0.017869,0.251003,7.317132
0.979000,0.017079,0.257226,6.975744
0.980000,0.016453,0.262627,6.599823
0.981000,0.015499,0.266380,6.218310
0.982000,0.014544,0.271155,5.804567
0.983000,0.013424,0.274481,5.383588
0.984000,0.012502,0.277016,4.942876
0.985000,0.011218,0.278827,4.492955
0.986000,0.010428,0.279684,4.035799
0.987000,0.009242,0.280342,3.562198
0.988000,0.007991,0.279716,3.093530
0.989000,0.006772,0.277840,2.606116
0.990000,0.005521,0.275172,2.127252
0.991000,0.004303,0.271353,1.632272
0.992000,0.002887,0.267632,1.139594
0.993000,0.001175,0.262034,0.639023
0.994000,0.000615,0.255580,0.132530
0.995000,-0.002513,0.246525,-0.371003
0.996000,-0.002810,0.240400,-0.897558
0.997000,-0.003929,0.230060,-1.422799
0.998000,-0.005609,0.219853,-1.940148
0.999000,-0.007914,0.208394,-2.440066
1.000000,-0.008506,0.196638,-2.937683
1.001000,-0.009988,0.183928,-3.426749
1.002000,-0.011239,0.170592,-3.912199
1.003000,-0.012754,0.155774,-4.390413
1.004000,-0.014335,0.140396,-4.861722
1.005000,-0.015685,0.124196,-5.327112
1.006000,-0.017002,0.108258,-5.778032
1.007000,-0.018220,0.091465,-6.218757
1.008000,-0.018714,0.074375,-6.638433
1.009000,-0.019965,0.057384,-7.039692
1.010000,-0.020855,0.039997,-7.413323
1.011000,-0.021842,0.022875,-7.756368
1.012000,-0.022534,0.006048,-8.065866
1.013000,-0.023127,-0.010054,-8.336224
1.014000,-0.023291,-0.026156,-8.563826
1.015000,-0.023456,-0.041534,-8.750644
1.016000,-0.023686,-0.056220,-8.893388
1.017000,-0.023752,-0.070478,-8.990415
1.018000,-0.023752,-0.084077,-9.041724
1.019000,-0.023489,-0.097315,-9.046987
1.020000,-0.023324,-0.109795,-9.008834
1.021000,-0.022797,-0.121451,-8.926937
1.022000,-0.022106,-0.132779,-8.806228
1.023000,-0.021414,-0.143250,-8.644079
1.024000,-0.020920,-0.153063,-8.449038
1.025000,-0.020426,-0.162250,-8.211899
1.026000,-0.019768,-0.170581,-7.951408
1.027000,-0.019011,-0.178253,-7.654409
1.028000,-0.018121,-0.184971,-7.334058
1.029000,-0.017265,-0.191260,-6.987725
1.030000,-0.016310,-0.196331,-6.618370
1.031000,-0.015553,-0.201534,-6.237175
1.032000,-0.014631,-0.205650,-5.826051
1.033000,-0.013709,-0.208976,-5.404075
1.034000,-0.012688,-0.211446,-4.967627
1.035000,-0.011536,-0.213257,-4.523288
1.036000,-0.010680,-0.214607,-4.061846
1.037000,-0.009198,-0.214475,-3.593828
1.038000,-0.007914,-0.213652,-3.120548
1.039000,-0.006827,-0.212730,-2.637402
1.040000,-0.005444,-0.210063,-2.158204
1.041000,-0.004654,-0.206770,-1.662562
1.042000,-0.003172,-0.202950,-1.176459
1.043000,-0.000900,-0.198044,-0.668321
1.044000,-0.000702,-0.190437,-0.168405
1.045000,0.000417,-0.183357,0.341047
1.046000,0.001998,-0.174730,0.867273
1.047000,0.003875,-0.165312,1.398760
1.048000,0.005357,-0.154973,1.919064
1.049000,0.006740,-0.143843,2.417662
1.050000,0.008090,-0.131791,2.919219
1.051000,0.009736,-0.117138,3.405647
1.052000,0.011119,-0.104888,3.896350
1.053000,0.012568,-0.090729,4.373569
1.054000,0.014247,-0.075318,4.848485
1.055000,0.015630,-0.059776,5.314193
1.056000,0.016783,-0.043476,5.768060
1.057000,0.018001,-0.026650,6.210417
1.058000,0.018989,-0.009692,6.633040
1.059000,0.020109,0.007727,7.036259
1.060000,0.020998,0.025114,7.410536
1.061000,0.021821,0.042204,7.757845
1.062000,0.022446,0.058635,8.057135
1.063000,0.022940,0.074704,8.310381
1.064000,0.023072,0.090345,8.525146
1.065000,0.023237,0.105558,8.705707
1.066000,0.023500,0.120639,8.856010
1.067000,0.023368,0.135622,8.969478
1.068000,0.023698,0.148892,9.027034
1.069000,0.024060,0.162228,9.042163
1.070000,0.023237,0.174214,9.009603
1.071000,0.022776,0.186397,8.932971
1.072000,0.022183,0.197395,8.815557
1.073000,0.021755,0.207768,8.655716
1.074000,0.020998,0.217910,8.463315
1.075000,0.020504,0.227064,8.230131
1.076000,0.019812,0.235757,7.971294
1.077000,0.018923,0.243429,7.674635
1.078000,0.018330,0.250344,7.357256
1.079000,0.017211,0.256403,7.011264
1.080000,0.016322,0.262199,6.644223
1.081000,0.015367,0.266743,6.259422
1.082000,0.014544,0.270958,5.851927
1.083000,0.013523,0.274382,5.433580
1.084000,0.012601,0.276918,4.992539
1.085000,0.011646,0.278992,4.550840
1.086000,0.010559,0.279684,4.084475
1.087000,0.009604,0.280046,3.621398
1.088000,0.008353,0.279288,3.141548
1.089000,0.006970,0.278136,2.662356
1.090000,0.005620,0.275864,2.177901
1.091000,0.004270,0.272736,1.685552
1.092000,0.003019,0.268192,1.195506
1.093000,0.002162,0.263318,0.693289
1.094000,0.000516,0.256667,0.199624
1.095000,0.000318,0.250871,-0.319367
1.096000,-0.003271,0.242837,-0.830793
1.097000,-0.003699,0.231443,-1.365901
1.098000,-0.005312,0.221334,-1.878645
1.099000,-0.006860,0.210106,-2.383167
1.100000,-0.008177,0.198087,-2.881442
1.101000,-0.009659,0.185047,-3.367877
1.102000,-0.011272,0.171777,-3.858918
1.103000,-0.012491,0.157354,-4.335817
1.104000,-0.013874,0.142471,-4.810086
1.105000,-0.015323,0.126797,-5.273502
1.106000,-0.016541,0.110168,-5.730013
1.107000,-0.018056,0.093440,-6.170408
1.108000,-0.019142,0.076318,-6.592716
1.109000,-0.020328,0.059425,-6.996605
1.110000,-0.021151,0.042237,-7.371224
1.111000,-0.021678,0.024817,-7.718545
1.112000,-0.022336,0.008155,-8.030673
1.113000,-0.022764,-0.008276,-8.307610
1.114000,-0.023192,-0.024411,-8.539816
1.115000,-0.023555,-0.040019,-8.731896
1.116000,-0.023785,-0.054903,-8.879245
1.117000,-0.023785,-0.069424,-8.982850
1.118000,-0.023719,-0.082826,-9.037449
1.119000,-0.023423,-0.095767,-9.051921
1.120000,-0.023061,-0.108115,-9.015741
1.121000,-0.022633,-0.121155,-8.940751
1.122000,-0.022238,-0.131198,-8.820042
1.123000,-0.021908,-0.141867,-8.664142
1.124000,-0.021085,-0.151779,-8.470088
1.125000,-0.020426,-0.160999,-8.239527
1.126000,-0.019702,-0.169396,-7.981996
1.127000,-0.018813,-0.177068,-7.686970
1.128000,-0.018056,-0.184378,-7.374184
1.129000,-0.017364,-0.190635,-7.025220
1.130000,-0.017298,-0.196265,-6.665403
1.131000,-0.015652,-0.201139,-6.276643
1.132000,-0.014697,-0.205288,-5.874728
1.133000,-0.013874,-0.208054,-5.454725
1.134000,-0.012787,-0.211215,-5.017291
1.135000,-0.011602,-0.212927,-4.573938
1.136000,-0.010515,-0.214179,-4.110523
1.137000,-0.009395,-0.214508,-3.651056
1.138000,-0.008177,-0.213784,-3.169882
1.139000,-0.007782,-0.212532,-2.696932
1.140000,-0.005971,-0.209964,-2.207209
1.141000,-0.004687,-0.207099,-1.719790
1.142000,-0.003238,-0.203246,-1.224477
1.143000,-0.002941,-0.195442,-0.722917
1.144000,-0.000472,-0.190733,-0.223988
1.145000,0.000615,-0.184345,0.288096
1.146000,0.002360,-0.176146,0.803797
1.147000,0.003611,-0.166300,1.343506
1.148000,0.004994,-0.156224,1.859206
1.149000,0.006509,-0.144864,2.368657
1.150000,0.008090,-0.133075,2.863965
1.151000,0.009538,-0.119970,3.356642
1.152000,0.011152,-0.106963,3.843070
1.153000,0.012700,-0.092211,4.321275
1.154000,0.014148,-0.077261,4.799152
1.155000,0.015433,-0.061456,5.259268
1.156000,0.016519,-0.045222,5.720700
1.157000,0.017738,-0.028494,6.161084
1.158000,0.018956,-0.011338,6.588969
1.159000,0.020141,0.006081,6.993504
1.160000,0.020998,0.023368,7.372056
1.161000,0.021854,0.040228,7.721667
1.162000,0.022414,0.056988,8.027535
1.163000,0.022743,0.072728,8.285056
1.164000,0.023105,0.088764,8.503111
1.165000,0.023237,0.103813,8.687618
1.166000,0.023336,0.119125,8.839895
1.167000,0.023566,0.133679,8.957967
1.168000,0.023665,0.147542,9.022429
1.169000,0.023500,0.160417,9.042492
1.170000,0.023270,0.173226,9.012892
1.171000,0.022677,0.185047,8.943495
1.172000,0.022315,0.196243,8.826081
1.173000,0.021689,0.207340,8.674792
1.174000,0.021063,0.217251,8.482062
1.175000,0.020372,0.226438,8.257429
1.176000,0.019746,0.234572,7.997606
1.177000,0.018824,0.242343,7.707524
1.178000,0.018265,0.249554,7.392447
1.179000,0.017277,0.255942,7.046126
1.180000,0.016651,0.261408,6.687636
1.181000,0.015696,0.266282,6.296915
1.182000,0.014577,0.269706,5.898958
1.183000,0.013687,0.273691,5.473375
1.184000,0.012700,0.276885,5.041214
1.185000,0.011646,0.278597,4.590965
1.186000,0.010658,0.279749,4.133808
1.187000,0.009506,0.280474,3.668429
1.188000,0.008221,0.279815,3.190882
1.189000,0.007003,0.278202,2.715636
1.190000,0.005554,0.275897,2.227563
1.191000,0.004566,0.272472,1.744095
1.192000,0.003183,0.268521,1.244181
1.193000,0.001175,0.263944,0.747885
1.194000,0.001306,0.257062,0.243038
1.195000,0.000384,0.249850,-0.264113
1.196000,-0.000900,0.239708,-0.783762
1.197000,-0.003863,0.232398,-1.313607
1.198000,-0.005148,0.222454,-1.825693
1.199000,-0.006728,0.211324,-2.334491
1.200000,-0.008803,0.199437,-2.826845
1.201000,-0.009494,0.187122,-3.321174
1.202000,-0.011009,0.173456,-3.805965
1.203000,-0.012359,0.158968,-4.284838
1.204000,-0.013940,0.143722,-4.760751
1.205000,-0.015323,0.128279,-5.225154
1.206000,-0.016804,0.112012,-5.683309
1.207000,-0.017726,0.095218,-6.123047
1.208000,-0.018780,0.078162,-6.551274
1.209000,-0.019603,0.061170,-6.955822
1.210000,-0.020855,0.043587,-7.334716
1.211000,-0.021612,0.026563,-7.685983
1.212000,-0.022567,0.009901,-8.002059
1.213000,-0.022896,-0.006629,-8.281298
1.214000,-0.023357,-0.022172,-8.518437
1.215000,-0.023621,-0.037846,-8.714135
1.216000,-0.023588,-0.052762,-8.868391
1.217000,-0.023785,-0.067119,-8.973312
1.218000,-0.023851,-0.081443,-9.034817
1.219000,-0.023555,-0.094483,-9.050934
1.220000,-0.023390,-0.107226,-9.022648
1.221000,-0.022995,-0.118784,-8.950947
1.222000,-0.022172,-0.130112,-8.834843
1.223000,-0.021645,-0.140781,-8.685192
1.224000,-0.020855,-0.151021,-8.492454
1.225000,-0.020558,-0.160274,-8.271101
1.226000,-0.019933,-0.168704,-8.009295
1.227000,-0.019274,-0.176508,-7.725123
1.228000,-0.018352,-0.183588,-7.405101
1.229000,-0.017562,-0.189482,-7.066004
1.230000,-0.016607,-0.195212,-6.703226
1.231000,-0.015652,-0.200250,-6.319071
1.232000,-0.014730,-0.204596,-5.921432
1.233000,-0.013874,-0.208219,-5.498139
1.234000,-0.012985,-0.211248,-5.066297
1.235000,-0.011898,-0.213059,-4.618010
1.236000,-0.010680,-0.214113,-4.165120
1.237000,-0.009363,-0.214673,-3.696443
1.238000,-0.008144,-0.213948,-3.223492
1.239000,-0.007058,-0.212927,-2.747253
1.240000,-0.006136,-0.210754,-2.259832
1.241000,-0.004785,-0.207560,-1.775373
1.242000,-0.003567,-0.202818,-1.277429
1.243000,-0.003567,-0.189680,-0.778171
1.244000,-0.000636,-0.190668,-0.277268
1.245000,0.000779,-0.184872,0.233829
1.246000,0.002426,-0.177430,0.752819
1.247000,0.003611,-0.167683,1.288253
1.248000,0.004994,-0.157410,1.805268
1.249000,0.006311,-0.146247,2.315377
1.250000,0.007859,-0.134590,2.809369
1.251000,0.009571,-0.121682,3.304349
1.252000,0.011053,-0.107226,3.788145
1.253000,0.012568,-0.093989,4.270626
1.254000,0.013720,-0.079006,4.745214
1.255000,0.015070,-0.063332,5.213224
1.256000,0.016355,-0.046802,5.672025
1.257000,0.017540,-0.029976,6.115697
1.258000,0.018758,-0.012886,6.545556
1.259000,0.019911,0.004171,6.950748
1.260000,0.020932,0.021524,7.334234
1.261000,0.021689,0.038219,7.686146
1.262000,0.022282,0.054881,7.999250
1.263000,0.022644,0.071082,8.260718
1.264000,0.023237,0.086789,8.482719
1.265000,0.023533,0.102199,8.669858
1.266000,0.023797,0.117281,8.826081
1.267000,0.023764,0.132032,8.947113
1.268000,0.023632,0.145731,9.018812
1.269000,0.023401,0.159166,9.039532
1.270000,0.023237,0.171580,9.020456
1.271000,0.022710,0.184059,8.951060
1.272000,0.022216,0.195584,8.844828
1.273000,0.021887,0.206319,8.693538
1.274000,0.021129,0.216198,8.506728
1.275000,0.020570,0.224989,8.285714
1.276000,0.019779,0.233584,8.026877
1.277000,0.018923,0.241454,7.745018
1.278000,0.018133,0.248731,7.424679
1.279000,0.017441,0.255119,7.090197
1.280000,0.016816,0.260881,6.722498
1.281000,0.015960,0.265985,6.342302
1.282000,0.014906,0.270134,5.940070
1.283000,0.013885,0.273592,5.519749
1.284000,0.012798,0.276292,5.088903
1.285000,0.011712,0.278465,4.638654
1.286000,0.010658,0.280145,4.189062
1.287000,0.009506,0.280507,3.716447
1.288000,0.008287,0.280210,3.245477
1.289000,0.007299,0.278630,2.763983
1.290000,0.006015,0.275996,2.281501
1.291000,0.004764,0.273164,1.792113
1.292000,0.003348,0.269081,1.297462
1.293000,0.002031,0.264010,0.802152
1.294000,0.001734,0.258675,0.298291
1.295000,-0.000274,0.250608,-0.214121
1.296000,-0.002184,0.243956,-0.726863
1.297000,-0.003106,0.232596,-1.254078
1.298000,-0.004950,0.223376,-1.774715
1.299000,-0.006695,0.212312,-2.280882
1.300000,-0.008012,0.200754,-2.776525
1.301000,-0.009527,0.188241,-3.270195
1.302000,-0.010976,0.175037,-3.753013
1.303000,-0.012458,0.160746,-4.236490
1.304000,-0.013808,0.145467,-4.707799
1.305000,-0.015026,0.130123,-5.178122
1.306000,-0.016277,0.113461,-5.635290
1.307000,-0.017463,0.096931,-6.078974
1.308000,-0.018714,0.079742,-6.508846
1.309000,-0.019735,0.062488,-6.915038
1.310000,-0.020822,0.045496,-7.297879
1.311000,-0.021546,0.028472,-7.651120
1.312000,-0.022172,0.011514,-7.970813
1.313000,-0.022797,-0.004785,-8.253670
1.314000,-0.023324,-0.020690,-8.495414
1.315000,-0.023653,-0.036133,-8.696703
1.316000,-0.023950,-0.051379,-8.852275
1.317000,-0.023851,-0.065901,-8.963445
1.318000,-0.023950,-0.079665,-9.029555
1.319000,-0.023456,-0.093199,-9.049618
1.320000,-0.023390,-0.105613,-9.027910
1.321000,-0.022731,-0.117994,-8.958183
1.322000,-0.023028,-0.129256,-8.851288
1.323000,-0.021875,-0.140023,-8.701637
1.324000,-0.021316,-0.149935,-8.515148
1.325000,-0.020591,-0.159089,-8.292480
1.326000,-0.019801,-0.167947,-8.038896
1.327000,-0.019043,-0.175685,-7.754066
1.328000,-0.018418,-0.182501,-7.438320
1.329000,-0.017726,-0.188955,-7.105472
1.330000,-0.016936,-0.194718,-6.737761
1.331000,-0.016014,-0.199921,-6.361499
1.332000,-0.014862,-0.204333,-5.958268
1.333000,-0.013841,-0.207823,-5.541225
1.334000,-0.012787,-0.210754,-5.109711
1.335000,-0.011832,-0.212631,-4.664055
1.336000,-0.010647,-0.214277,-4.211165
1.337000,-0.009593,-0.214475,-3.743804
1.338000,-0.008506,-0.214047,-3.277431
1.339000,-0.007156,-0.212763,-2.793956
1.340000,-0.005609,-0.210622,-2.314100
1.341000,-0.004654,-0.207889,-1.820102
1.342000,-0.003633,-0.203378,-1.328078
1.343000,-0.003567,-0.196628,-0.829807
1.344000,-0.000406,-0.191622,-0.325615
1.345000,0.000516,-0.185959,0.180220
1.346000,0.001240,-0.176739,0.702498
1.347000,0.003480,-0.168572,1.257666
1.348000,0.004896,-0.158167,1.757250
1.349000,0.006410,-0.147268,2.263083
1.350000,0.007925,-0.135479,2.762009
1.351000,0.009374,-0.123164,3.256002
1.352000,0.010823,-0.109729,3.739470
1.353000,0.012206,-0.095240,4.223266
1.354000,0.013556,-0.080357,4.696209
1.355000,0.015070,-0.064617,5.168824
1.356000,0.016453,-0.048383,5.626638
1.357000,0.017474,-0.031392,6.072283
1.358000,0.018627,-0.014796,6.501813
1.359000,0.019746,0.002459,6.910295
1.360000,0.020602,0.019615,7.297398
1.361000,0.021524,0.036573,7.652600
1.362000,0.022183,0.053597,7.969321
1.363000,0.022776,0.069666,8.235065
1.364000,0.023270,0.085505,8.462328
1.365000,0.023467,0.100718,8.653085
1.366000,0.023566,0.115733,8.810624
1.367000,0.023566,0.130254,8.938233
1.368000,0.023665,0.144545,9.012234
1.369000,0.023336,0.157947,9.038545
1.370000,0.023368,0.170625,9.023416
1.371000,0.022743,0.182907,8.959940
1.372000,0.022282,0.194300,8.857326
1.373000,0.021623,0.204969,8.709325
1.374000,0.021063,0.215177,8.528764
1.375000,0.020537,0.224166,8.307092
1.376000,0.019878,0.232991,8.055490
1.377000,0.019154,0.241124,7.770671
1.378000,0.018429,0.248072,7.457897
1.379000,0.017639,0.254362,7.122758
1.380000,0.016684,0.260190,6.757690
1.381000,0.015762,0.265195,6.383084
1.382000,0.014774,0.269871,5.978879
1.383000,0.013984,0.273493,5.564807
1.384000,0.012897,0.276457,5.128370
1.385000,0.011811,0.278301,4.685356
1.386000,0.010691,0.279980,4.229186
1.387000,0.009571,0.280375,3.762163
1.388000,0.008386,0.280112,3.293824
1.389000,0.007069,0.278399,2.810027
1.390000,0.006147,0.276720,2.334781
1.391000,0.004830,0.273526,1.839144
1.392000,0.003644,0.269311,1.351071
1.393000,0.002261,0.264701,0.848526
1.394000,-0.000143,0.256864,0.348941
1.395000,-0.000538,0.251925,-0.160841
1.396000,-0.002744,0.245701,-0.675885
1.397000,-0.003106,0.234176,-1.200797
1.398000,-0.004785,0.224627,-1.726696
1.399000,-0.006333,0.213958,-2.226943
1.400000,-0.007749,0.202071,-2.729822
1.401000,-0.009231,0.189921,-3.219545
1.402000,-0.010976,0.176058,-3.706968
1.403000,-0.012260,0.161997,-4.188142
1.404000,-0.013709,0.146982,-4.662740
1.405000,-0.014894,0.131539,-5.132405
1.406000,-0.016179,0.115338,-5.589244
1.407000,-0.017397,0.098577,-6.036218
1.408000,-0.018615,0.081586,-6.466418
1.409000,-0.019735,0.064233,-6.876557
1.410000,-0.020756,0.047373,-7.261700
1.411000,-0.021480,0.030053,-7.617572
1.412000,-0.022172,0.013424,-7.942198
1.413000,-0.022699,-0.002909,-8.226371
1.414000,-0.023225,-0.019076,-8.474035
1.415000,-0.023555,-0.034783,-8.678942
1.416000,-0.023818,-0.049799,-8.840435
1.417000,-0.023983,-0.064419,-8.953578
1.418000,-0.023686,-0.078480,-9.025279
1.419000,-0.023456,-0.091849,-9.049947
1.420000,-0.023291,-0.104592,-9.031199
1.421000,-0.022830,-0.116578,-8.966405
1.422000,-0.022336,-0.128334,-8.863787
1.423000,-0.021941,-0.138838,-8.717095
1.424000,-0.021316,-0.149046,-8.536198
1.425000,-0.020657,-0.158068,-8.315832
1.426000,-0.020163,-0.167058,-8.067181
1.427000,-0.019076,-0.174895,-7.781694
1.428000,-0.018451,-0.182172,-7.472197
1.429000,-0.017759,-0.188395,-7.135731
1.430000,-0.016936,-0.193960,-6.774598
1.431000,-0.016080,-0.199624,-6.397678
1.432000,-0.015092,-0.203543,-5.998723
1.433000,-0.013972,-0.207527,-5.587600
1.434000,-0.012919,-0.210557,-5.150823
1.435000,-0.013511,-0.212664,-4.713390
1.436000,-0.010811,-0.214245,-4.254250
1.437000,-0.009791,-0.214409,-3.791823
1.438000,-0.008638,-0.214080,-3.318872
1.439000,-0.007255,-0.212960,-2.839343
1.440000,-0.006103,-0.211018,-2.359487
1.441000,-0.004884,-0.208153,-1.867792
1.442000,-0.003600,-0.204333,-1.381359
1.443000,-0.002316,-0.199229,-0.876509
1.444000,-0.000669,-0.190997,-0.384158
1.445000,0.000187,-0.186288,0.131215
1.446000,0.002064,-0.177430,0.647574
1.447000,0.003216,-0.169330,1.179390
1.448000,0.004764,-0.159254,1.706272
1.449000,0.006213,-0.148354,2.210790
1.450000,0.007596,-0.136599,2.715307
1.451000,0.009012,-0.124514,3.203708
1.452000,0.010559,-0.110881,3.694083
1.453000,0.012008,-0.096854,4.174262
1.454000,0.013523,-0.081707,4.652138
1.455000,0.014807,-0.066559,5.121463
1.456000,0.016223,-0.050128,5.580264
1.457000,0.017375,-0.033433,6.029199
1.458000,0.018561,-0.016508,6.460044
1.459000,0.019516,0.000714,6.873788
1.460000,0.020570,0.017804,7.259247
1.461000,0.021360,0.035058,7.619053
1.462000,0.022117,0.051786,7.940379
1.463000,0.022743,0.068250,8.211384
1.464000,0.022940,0.083924,8.441608
1.465000,0.023204,0.099335,8.635325
1.466000,0.023401,0.114547,8.796810
1.467000,0.023533,0.129299,8.928367
1.468000,0.023665,0.143393,9.007300
1.469000,0.023632,0.156729,9.040518
1.470000,0.023237,0.169472,9.027363
1.471000,0.022973,0.181656,8.968820
1.472000,0.022381,0.193049,8.867851
1.473000,0.021920,0.204047,8.725441
1.474000,0.021294,0.214222,8.547182
1.475000,0.020635,0.223672,8.328470
1.476000,0.019944,0.232596,8.084104
1.477000,0.019252,0.240038,7.798298
1.478000,0.018396,0.247611,7.492430
1.479000,0.017507,0.253934,7.156304
1.480000,0.016651,0.260157,6.798801
1.481000,0.015663,0.264965,6.420906
1.482000,0.014873,0.269542,6.020648
1.483000,0.014050,0.273328,5.606904
1.484000,0.013095,0.275798,5.173757
1.485000,0.012008,0.278301,4.734689
1.486000,0.010691,0.279255,4.273915
1.487000,0.009670,0.279091,3.814127
1.488000,0.008551,0.279848,3.336909
1.489000,0.007398,0.279354,2.860676
1.490000,0.006213,0.277016,2.376879
1.491000,0.005126,0.273954,1.888478
1.492000,0.003908,0.270266,1.397773
1.493000,0.002887,0.264602,0.897860
1.494000,0.002426,0.261277,0.400577
1.495000,-0.000669,0.252386,-0.110520
1.496000,-0.004489,0.245800,-0.619974
1.497000,-0.003073,0.235922,-1.150477
1.498000,-0.004555,0.225714,-1.668811
1.499000,-0.005938,0.214782,-2.179253
1.500000,-0.007584,0.203092,-2.679172
1.501000,-0.009099,0.190448,-3.169882
1.502000,-0.010680,0.177243,-3.660265
1.503000,-0.012063,0.163347,-4.137821
1.504000,-0.013446,0.148958,-4.618010
1.505000,-0.015059,0.133415,-5.083728
1.506000,-0.016113,0.117215,-5.546159
1.507000,-0.017430,0.100355,-5.992145
1.508000,-0.018648,0.083232,-6.422674
1.509000,-0.019867,0.066307,-6.834129
1.510000,-0.020887,0.049053,-7.220916
1.511000,-0.021546,0.032062,-7.582050
1.512000,-0.022073,0.015005,-7.907006
1.513000,-0.022633,-0.001394,-8.199072
1.514000,-0.023094,-0.017891,-8.449367
1.515000,-0.023522,-0.033598,-8.657893
1.516000,-0.023686,-0.048811,-8.825305
1.517000,-0.023884,-0.063234,-8.945026
1.518000,-0.023719,-0.077360,-9.020346
1.519000,-0.023522,-0.090367,-9.051921
1.520000,-0.023192,-0.103110,-9.034817
1.521000,-0.022863,-0.115096,-8.965418
1.522000,-0.022402,-0.126819,-8.872667
1.523000,-0.022073,-0.137751,-8.734527
1.524000,-0.021612,-0.147663,-8.552314
1.525000,-0.020920,-0.157113,-8.336882
1.526000,-0.019998,-0.165708,-8.088889
1.527000,-0.019175,-0.173940,-7.807348
1.528000,-0.018352,-0.181316,-7.505745
1.529000,-0.017562,-0.188000,-7.167305
1.530000,-0.017002,-0.194026,-6.815710
1.531000,-0.016146,-0.199196,-6.433528
1.532000,-0.015290,-0.203740,-6.041151
1.533000,-0.014071,-0.207264,-5.625752
1.534000,-0.013116,-0.209931,-5.195553
1.535000,-0.011898,-0.212071,-4.756475
1.536000,-0.010943,-0.213421,-4.298651
1.537000,-0.009955,-0.214146,-3.841157
1.538000,-0.008836,-0.213915,-3.363272
1.539000,-0.007749,-0.211083,-2.889664
1.540000,-0.006629,-0.210787,-2.403559
1.541000,-0.005312,-0.208317,-1.916797
1.542000,-0.003798,-0.204201,-1.422799
1.543000,-0.003304,-0.198570,-0.924199
1.544000,-0.001032,-0.192380,-0.429545
1.545000,0.000055,-0.186947,0.082868
1.546000,0.001438,-0.181052,0.592978
1.547000,0.003019,-0.170252,1.129070
1.548000,0.004566,-0.161559,1.649045
1.549000,0.006246,-0.149375,2.164416
1.550000,0.007596,-0.137619,2.662685
1.551000,0.009110,-0.125304,3.156677
1.552000,0.010460,-0.111770,3.645407
1.553000,0.011745,-0.098072,4.126901
1.554000,0.013161,-0.082991,4.608067
1.555000,0.014609,-0.067284,5.075090
1.556000,0.016058,-0.051511,5.539811
1.557000,0.017738,-0.035047,5.985128
1.558000,0.018660,-0.018286,6.422880
1.559000,0.019648,-0.001328,6.833005
1.560000,0.020537,0.016058,7.223398
1.561000,0.021426,0.033017,7.584519
1.562000,0.022051,0.049975,7.909792
1.563000,0.022743,0.066406,8.185073
1.564000,0.023204,0.082706,8.418257
1.565000,0.023368,0.098083,8.616249
1.566000,0.023467,0.113362,8.781023
1.567000,0.023500,0.127982,8.915540
1.568000,0.023566,0.142339,9.000723
1.569000,0.023336,0.155708,9.038874
1.570000,0.023303,0.168484,9.030323
1.571000,0.022809,0.180701,8.978687
1.572000,0.022512,0.191765,8.880348
1.573000,0.021920,0.202862,8.746490
1.574000,0.021393,0.212740,8.563955
1.575000,0.020833,0.222520,8.355767
1.576000,0.020109,0.231213,8.106468
1.577000,0.019417,0.239412,7.827898
1.578000,0.018627,0.246525,7.523017
1.579000,0.017639,0.253538,7.187878
1.580000,0.016684,0.259564,6.835965
1.581000,0.015927,0.265063,6.453467
1.582000,0.015038,0.269640,6.035448
1.583000,0.014083,0.273295,5.644727
1.584000,0.013029,0.276127,5.221446
1.585000,0.011909,0.278169,4.776129
1.586000,0.010658,0.279651,4.322591
1.587000,0.009736,0.280013,3.860172
1.588000,0.008715,0.280112,3.384598
1.589000,0.007596,0.278827,2.913956
1.590000,0.006542,0.277082,2.423911
1.591000,0.005291,0.274086,1.933207
1.592000,0.003842,0.270167,1.443818
1.593000,0.002887,0.265491,0.950811
1.594000,-0.000307,0.258873,0.449910
1.595000,-0.000175,0.253670,-0.057240
1.596000,-0.001888,0.248698,-0.571298
1.597000,-0.003304,0.237239,-1.096209
1.598000,-0.004621,0.226998,-1.616188
1.599000,-0.006103,0.216230,-2.129262
1.600000,-0.007683,0.202730,-2.627536
1.601000,-0.009231,0.192522,-3.121535
1.602000,-0.010482,0.179120,-3.605668
1.603000,-0.011668,0.165027,-4.089802
1.604000,-0.013083,0.149946,-4.566702
1.605000,-0.014532,0.134502,-5.037682
1.606000,-0.015981,0.118301,-5.499455
1.607000,-0.017331,0.101804,-5.947415
1.608000,-0.018550,0.085076,-6.382220
1.609000,-0.019472,0.067526,-6.794003
1.610000,-0.020492,0.051259,-7.185724
1.611000,-0.021316,0.033939,-7.545871
1.612000,-0.022205,0.017343,-7.877404
1.613000,-0.022830,0.000516,-8.171444
1.614000,-0.023357,-0.015849,-8.425686
1.615000,-0.023686,-0.031721,-8.637500
1.616000,-0.023818,-0.046802,-8.809518
1.617000,-0.023785,-0.061357,-8.933515
1.618000,-0.023588,-0.075582,-9.014754
1.619000,-0.023357,-0.089181,-9.047316
1.620000,-0.023225,-0.102320,-9.039093
1.621000,-0.023061,-0.114438,-8.985482
1.622000,-0.022435,-0.125798,-8.889113
1.623000,-0.021875,-0.136730,-8.753275
1.624000,-0.021283,-0.146346,-8.576324
1.625000,-0.020756,-0.155862,-8.367799
1.626000,-0.020163,-0.164786,-8.117504
1.627000,-0.018978,-0.172820,-7.845830
1.628000,-0.018846,-0.180229,-7.536991
1.629000,-0.017990,-0.187309,-7.207102
1.630000,-0.017068,-0.193006,-6.850574
1.631000,-0.016113,-0.198472,-6.473983
1.632000,-0.015191,-0.203082,-6.085224
1.633000,-0.014071,-0.207099,-5.668509
1.634000,-0.013215,-0.210063,-5.247848
1.635000,-0.012030,-0.212170,-4.801863
1.636000,-0.010713,-0.213849,-4.353906
1.637000,-0.009988,-0.214277,-3.888847
1.638000,-0.008704,-0.214245,-3.419513
1.639000,-0.007584,-0.213059,-2.941958
1.640000,-0.006531,-0.210952,-2.458155
1.641000,-0.005411,-0.208186,-1.974353
1.642000,-0.004094,-0.204629,-1.477725
1.643000,-0.002678,-0.200843,-0.987675
1.644000,-0.001493,-0.197023,-0.476248
1.645000,-0.000077,-0.187967,0.022352
1.646000,0.001603,-0.182172,0.542657
1.647000,0.002854,-0.171075,1.069212
1.648000,0.004533,-0.161789,1.596423
1.649000,0.005949,-0.150758,2.107518
1.650000,0.007431,-0.139463,2.607102
1.651000,0.008880,-0.126951,3.104055
1.652000,0.010493,-0.113812,3.603967
1.653000,0.011876,-0.099686,4.075595
1.654000,0.013161,-0.084703,4.551169
1.655000,0.014412,-0.069293,5.024770
1.656000,0.015696,-0.053158,5.485544
1.657000,0.017079,-0.036825,5.936452
1.658000,0.018429,-0.019768,6.374862
1.659000,0.019384,-0.002810,6.788276
1.660000,0.020306,0.014379,7.183602
1.661000,0.021360,0.031205,7.547026
1.662000,0.022084,0.048131,7.877889
1.663000,0.022677,0.064463,8.158433
1.664000,0.023072,0.080434,8.394577
1.665000,0.023303,0.096075,8.596844
1.666000,0.023434,0.111320,8.763592
1.667000,0.023632,0.126072,8.903700
1.668000,0.023632,0.140693,8.994474
1.669000,0.023336,0.154358,9.036243
1.670000,0.023270,0.165093,9.033612
1.671000,0.022907,0.179680,8.983291
1.672000,0.022545,0.190810,8.894820
1.673000,0.021920,0.201643,8.759317
1.674000,0.021261,0.211950,8.588293
1.675000,0.020668,0.221466,8.380763
1.676000,0.020372,0.230653,8.135740
1.677000,0.019582,0.238556,7.865063
1.678000,0.018824,0.245833,7.556564
1.679000,0.017902,0.253143,7.231291
1.680000,0.016882,0.258247,6.872472
1.681000,0.016025,0.263812,6.497538
1.682000,0.015136,0.268554,6.105501
1.683000,0.014181,0.272703,5.691758
1.684000,0.013259,0.276193,5.267819
1.685000,0.012206,0.278366,4.822503
1.686000,0.011020,0.279684,4.376529
1.687000,0.009835,0.280046,3.907532
1.688000,0.010362,0.280408,3.443469
1.689000,0.007596,0.279190,2.960988
1.690000,0.006641,0.277214,2.480480
1.691000,0.005389,0.274678,1.992736
1.692000,0.004237,0.270365,1.499400
1.693000,0.002920,0.265755,1.006393
1.694000,0.001043,0.262297,0.499244
1.695000,-0.000175,0.254362,0.000974
1.696000,-0.000077,0.247809,-0.514399
1.697000,-0.001394,0.237403,-1.036680
1.698000,-0.004390,0.228282,-1.564881
1.699000,-0.005872,0.217679,-2.074008
1.700000,-0.007321,0.206286,-2.573926
1.701000,-0.008934,0.193576,-3.068254
1.702000,-0.010449,0.180503,-3.553045
1.703000,-0.011832,0.166772,-4.038495
1.704000,-0.013083,0.151888,-4.513092
1.705000,-0.014236,0.136280,-4.987032
1.706000,-0.015685,0.120145,-5.447160
1.707000,-0.017068,0.103648,-5.899724
1.708000,-0.018319,0.086953,-6.335187
1.709000,-0.019504,0.069831,-6.750259
1.710000,-0.020361,0.052839,-7.145598
1.711000,-0.021283,0.035914,-7.507718
1.712000,-0.021842,0.019088,-7.843856
1.713000,-0.022666,0.002558,-8.141185
1.714000,-0.023225,-0.014005,-8.401347
1.715000,-0.023588,-0.029844,-8.618424
1.716000,-0.023917,-0.045288,-8.792086
1.717000,-0.023851,-0.059842,-8.923976
1.718000,-0.023818,-0.074199,-9.007189
1.719000,-0.023522,-0.087798,-9.046658
1.720000,-0.023225,-0.100838,-9.042053
1.721000,-0.023028,-0.113088,-8.991402
1.722000,-0.022633,-0.124711,-8.898322
1.723000,-0.022073,-0.135677,-8.767418
1.724000,-0.021579,-0.145950,-8.599676
1.725000,-0.020756,-0.155236,-8.389836
1.726000,-0.020097,-0.163995,-8.146118
1.727000,-0.019472,-0.172392,-7.875760
1.728000,-0.018846,-0.179505,-7.571196
1.729000,-0.018121,-0.186420,-7.247886
1.730000,-0.017232,-0.192413,-6.889384
1.731000,-0.016343,-0.197714,-6.520687
1.732000,-0.015323,-0.202390,-6.125678
1.733000,-0.014302,-0.206440,-5.718172
1.734000,-0.013281,-0.209602,-5.289289
1.735000,-0.012359,-0.212170,-4.849224
1.736000,-0.011207,-0.213619,-4.401267
1.737000,-0.010021,-0.214212,-3.936537
1.738000,-0.008869,-0.214343,-3.473781
1.739000,-0.007782,-0.213355,-2.989648
1.740000,-0.006399,-0.209371,-2.516369
1.741000,-0.005345,-0.208647,-2.024345
1.742000,-0.004324,-0.204596,-1.534294
1.743000,-0.003501,-0.199558,-1.036351
1.744000,-0.001328,-0.192973,-0.535777
1.745000,-0.000044,-0.188856,-0.030929
1.746000,0.002492,-0.179702,0.484773
1.747000,0.002689,-0.172491,1.008696
1.748000,0.004171,-0.162579,1.542814
1.749000,0.005653,-0.151482,2.051278
1.750000,0.007201,-0.140715,2.558098
1.751000,0.008649,-0.128399,3.048472
1.752000,0.010197,-0.115129,3.538847
1.753000,0.011745,-0.101233,4.022643
1.754000,0.013095,-0.086679,4.499204
1.755000,0.014511,-0.070939,4.973792
1.756000,0.015729,-0.055002,5.434237
1.757000,0.016914,-0.038603,5.889750
1.758000,0.017935,-0.021612,6.323884
1.759000,0.019318,-0.004555,6.745521
1.760000,0.020174,0.012469,7.141175
1.761000,0.021195,0.029658,7.510190
1.762000,0.022018,0.046451,7.845000
1.763000,0.022578,0.062817,8.130477
1.764000,0.023105,0.078557,8.372870
1.765000,0.023270,0.094527,8.577111
1.766000,0.023500,0.109674,8.749121
1.767000,0.023698,0.124689,8.889886
1.768000,0.023764,0.139013,8.986251
1.769000,0.023533,0.152679,9.034269
1.770000,0.023270,0.165817,9.035585
1.771000,0.022875,0.178132,8.990856
1.772000,0.022414,0.189723,8.905344
1.773000,0.021887,0.200919,8.775432
1.774000,0.021426,0.210995,8.612960
1.775000,0.020899,0.220412,8.402470
1.776000,0.020240,0.229468,8.167313
1.777000,0.019450,0.237667,7.892690
1.778000,0.018824,0.245405,7.593070
1.779000,0.018001,0.251859,7.266482
1.780000,0.016947,0.258050,6.912597
1.781000,0.016157,0.263384,6.542267
1.782000,0.015400,0.268224,6.146612
1.783000,0.014313,0.272308,5.720371
1.784000,0.013391,0.275469,5.310246
1.785000,0.012173,0.277905,4.876112
1.786000,0.011119,0.279585,4.419942
1.787000,0.010032,0.280474,3.960483
1.788000,0.008682,0.280210,3.493131
1.789000,0.007629,0.279354,3.013281
1.790000,0.006542,0.277609,2.537049
1.791000,0.005488,0.274942,2.045687
1.792000,0.003974,0.271320,1.555312
1.793000,0.002656,0.267039,1.059345
1.794000,0.001965,0.263022,0.560089
1.795000,0.000318,0.255020,0.055241
1.796000,-0.000208,0.249587,-0.459803
1.797000,-0.002546,0.238424,-0.979124
1.798000,-0.003929,0.228612,-1.506996
1.799000,-0.005477,0.218272,-2.016122
1.800000,-0.007255,0.206813,-2.520316
1.801000,-0.008638,0.194827,-3.011355
1.802000,-0.010219,0.181985,-3.502724
1.803000,-0.011470,0.168484,-3.986529
1.804000,-0.013018,0.153897,-4.464086
1.805000,-0.014368,0.137960,-4.936053
1.806000,-0.015685,0.122121,-5.397825
1.807000,-0.017134,0.105525,-5.849403
1.808000,-0.018418,0.089028,-6.283550
1.809000,-0.019406,0.072103,-6.705200
1.810000,-0.020361,0.055803,-7.099880
1.811000,-0.021019,0.037758,-7.469237
1.812000,-0.021809,0.020570,-7.807348
1.813000,-0.022369,0.003809,-8.110926
1.814000,-0.023094,-0.012589,-8.374706
1.815000,-0.023522,-0.028428,-8.596716
1.816000,-0.023686,-0.043839,-8.777285
1.817000,-0.023719,-0.058360,-8.912794
1.818000,-0.023522,-0.072585,-9.002256
1.819000,-0.023621,-0.086053,-9.048303
1.820000,-0.023456,-0.099192,-9.045342
1.821000,-0.023258,-0.111540,-9.000940
1.822000,-0.022830,-0.123131,-8.911149
1.823000,-0.022270,-0.133931,-8.784192
1.824000,-0.021678,-0.144370,-8.616779
1.825000,-0.020855,-0.153985,-8.410228
1.826000,-0.020196,-0.163172,-8.177035
1.827000,-0.019472,-0.171832,-7.903059
1.828000,-0.020723,-0.178978,-7.610336
1.829000,-0.018121,-0.185992,-7.280776
1.830000,-0.017232,-0.191754,-6.932799
1.831000,-0.016245,-0.197352,-6.560155
1.832000,-0.015224,-0.202423,-6.170737
1.833000,-0.014466,-0.206012,-5.766849
1.834000,-0.013479,-0.209075,-5.337637
1.835000,-0.012557,-0.211577,-4.906124
1.836000,-0.011536,-0.213355,-4.448299
1.837000,-0.010087,-0.214475,-3.993436
1.838000,-0.009066,-0.213948,-3.519826
1.839000,-0.008045,-0.213454,-3.044245
1.840000,-0.006728,-0.211742,-2.566361
1.841000,-0.005675,-0.209141,-2.076968
1.842000,-0.004292,-0.205683,-1.589219
1.843000,-0.003040,-0.201238,-1.091276
1.844000,-0.000472,-0.195870,-0.593333
1.845000,-0.000274,-0.189285,-0.087169
1.846000,0.001208,-0.183884,0.425243
1.847000,0.002327,-0.172952,0.949824
1.848000,0.003941,-0.163370,1.481311
1.849000,0.005587,-0.152800,1.995038
1.850000,0.007102,-0.141340,2.498897
1.851000,0.008616,-0.129321,2.992232
1.852000,0.010098,-0.116348,3.484580
1.853000,0.011415,-0.102748,3.966732
1.854000,0.012733,-0.088194,4.448884
1.855000,0.014148,-0.073013,4.920512
1.856000,0.015564,-0.056747,5.385891
1.857000,0.016849,-0.040579,5.839429
1.858000,0.018199,-0.023851,6.277182
1.859000,0.019285,-0.006893,6.699147
1.860000,0.020174,0.010098,7.095131
1.861000,0.020965,0.027320,7.467105
1.862000,0.021920,0.044443,7.806191
1.863000,0.022512,0.061368,8.099233
1.864000,0.022973,0.077536,8.344585
1.865000,0.023303,0.093374,8.554417
1.866000,0.023467,0.108258,8.730045
1.867000,0.023599,0.123372,8.874428
1.868000,0.023401,0.137499,8.978358
1.869000,0.023237,0.151296,9.031967
1.870000,0.023138,0.164500,9.038216
1.871000,0.022875,0.176716,9.002038
1.872000,0.022611,0.188373,8.915869
1.873000,0.022249,0.199207,8.795823
1.874000,0.021722,0.209480,8.629076
1.875000,0.020965,0.219161,8.427795
1.876000,0.020273,0.228118,8.192309
1.877000,0.019549,0.236646,7.922290
1.878000,0.019022,0.244450,7.629906
1.879000,0.018067,0.251200,7.301016
1.880000,0.017310,0.260025,6.957984
1.881000,0.016091,0.263285,6.581076
1.882000,0.015235,0.268093,6.194959
1.883000,0.014247,0.271847,5.786149
1.884000,0.013325,0.275041,5.360237
1.885000,0.012403,0.277642,4.926103
1.886000,0.011284,0.279157,4.472235
1.887000,0.010263,0.280046,4.019355
1.888000,0.009143,0.279749,3.542465
1.889000,0.007859,0.279387,3.071166
1.890000,0.006805,0.277609,2.585395
1.891000,0.005587,0.275271,2.100612
1.892000,0.004336,0.271649,1.609907
1.893000,0.003249,0.267270,1.111967
1.894000,0.002195,0.262297,0.616987
1.895000,0.000253,0.255909,0.108521
1.896000,0.000483,0.250838,-0.398629
1.897000,-0.003139,0.240762,-0.922554
1.898000,-0.002250,0.230917,-1.445164
1.899000,-0.005609,0.219951,-1.961526
1.900000,-0.007058,0.208525,-2.462760
1.901000,-0.008638,0.196375,-2.955772
1.902000,-0.010087,0.183236,-3.447141
1.903000,-0.011569,0.169406,-3.930617
1.904000,-0.012820,0.155115,-4.410476
1.905000,-0.014137,0.139771,-4.880141
1.906000,-0.015323,0.123899,-5.348491
1.907000,-0.016673,0.107468,-5.798095
1.908000,-0.017891,0.090674,-6.240464
1.909000,-0.019307,0.073683,-6.660140
1.910000,-0.020196,0.056495,-7.060083
1.911000,-0.021283,0.039602,-7.431084
1.912000,-0.021875,0.022809,-7.772485
1.913000,-0.022666,0.006246,-8.077706
1.914000,-0.023028,-0.010153,-8.347736
1.915000,-0.023423,-0.026156,-8.574022
1.916000,-0.023785,-0.041962,-8.757880
1.917000,-0.023983,-0.056878,-8.899309
1.918000,-0.023884,-0.071169,-8.992389
1.919000,-0.023785,-0.084835,-9.042711
1.920000,-0.023324,-0.097710,-9.046658
1.921000,-0.022863,-0.110453,-9.007847
1.922000,-0.022567,-0.122143,-8.924305
1.923000,-0.022238,-0.133306,-8.804913
1.924000,-0.021777,-0.143514,-8.638487
1.925000,-0.021052,-0.153359,-8.441145
1.926000,-0.020459,-0.162184,-8.203676
1.927000,-0.019636,-0.170285,-7.938580
1.928000,-0.018945,-0.177825,-7.643884
1.929000,-0.018121,-0.184773,-7.318271
1.930000,-0.017298,-0.191260,-6.973582
1.931000,-0.016541,-0.196792,-6.600609
1.932000,-0.015652,-0.201765,-6.215468
1.933000,-0.014565,-0.205782,-5.807633
1.934000,-0.013577,-0.208844,-5.389603
1.935000,-0.012359,-0.211511,-4.949867
1.936000,-0.011207,-0.213487,-4.502567
1.937000,-0.010186,-0.214673,-4.045073
1.938000,-0.009165,-0.214607,-3.575410
1.939000,-0.008177,-0.213882,-3.105090
1.940000,-0.006959,-0.212401,-2.617998
1.941000,-0.005642,-0.209174,-2.129919
1.942000,-0.004423,-0.205881,-1.640855
1.943000,-0.002843,-0.202193,-1.152450
1.944000,-0.000538,-0.198801,-0.647929
1.945000,-0.000505,-0.190272,-0.142423
1.946000,0.001504,-0.181546,0.364727
1.947000,0.001899,-0.174006,0.893913
1.948000,0.003644,-0.164786,1.420467
1.949000,0.005554,-0.154380,1.941100
1.950000,0.007003,-0.143283,2.439368
1.951000,0.008584,-0.131264,2.939610
1.952000,0.009901,-0.118422,3.427024
1.953000,0.011218,-0.104658,3.913123
1.954000,0.012601,-0.090038,4.392315
1.955000,0.014083,-0.074759,4.864930
1.956000,0.015433,-0.058624,5.332611
1.957000,0.016717,-0.042291,5.785163
1.958000,0.018067,-0.025563,6.227519
1.959000,0.019022,-0.008605,6.650472
1.960000,0.019977,0.008353,7.052046
1.961000,0.020866,0.025575,7.427310
1.962000,0.021590,0.042665,7.771000
1.963000,0.022414,0.059293,8.069304
1.964000,0.023105,0.075231,8.320247
1.965000,0.023434,0.091037,8.534026
1.966000,0.023731,0.106184,8.712943
1.967000,0.023665,0.121298,8.860615
1.968000,0.023566,0.135490,8.971122
1.969000,0.023533,0.149517,9.026376
1.970000,0.023336,0.162689,9.039532
1.971000,0.023138,0.175366,9.004998
1.972000,0.022710,0.187484,8.927051
1.973000,0.022216,0.198285,8.810295
1.974000,0.021524,0.208558,8.649796
1.975000,0.020899,0.218404,8.458052
1.976000,0.020207,0.227459,8.220265
1.977000,0.020602,0.235691,7.960441
1.978000,0.018956,0.243331,7.663453
1.979000,0.018495,0.250575,7.341798
1.980000,0.017507,0.256535,6.997122
1.981000,0.016519,0.262231,6.626463
1.982000,0.015531,0.267072,6.242648
1.983000,0.014379,0.271056,5.833509
1.984000,0.013490,0.274613,5.415491
1.985000,0.012436,0.277346,4.973792
1.986000,0.011547,0.279223,4.529133
1.987000,0.010395,0.280507,4.067044
1.988000,0.009275,0.280309,3.600349
1.989000,0.007925,0.279190,3.125104
1.990000,0.006641,0.277872,2.642951
1.991000,0.005488,0.275633,2.161785
1.992000,0.004402,0.272242,1.667134
1.993000,0.003249,0.268257,1.178732
1.994000,0.002261,0.262923,0.672569
1.995000,0.000977,0.256239,0.170682
1.996000,0.000088,0.250838,-0.340416
1.997000,-0.001460,0.238852,-0.859407
1.998000,-0.003995,0.231213,-1.386292
1.999000,-0.005411,0.221005,-1.902325
