Charge (C),Temperature (K)
0.00315605451,1666.1500431252812
0.002861237442,1665.284448945607
0.002659362822,1663.9187939130748
0.002390934024,1662.2647799158326
0.002113918152,1660.274344032944
0.001831729134,1658.029220374066
0.001541510418,1655.9003381107082
0.001254165672,1653.5570626249814
0.000955917258,1651.0430326610149
0.000655944462,1648.6733905180809
0.00035541429,1646.2624643446975
6.6919956e-05,1644.404687665966
-0.0002221491719999,1642.5159128196774
-0.000495733698,1641.1722035146272
-0.000764162496,1640.484876467021
-0.00102626856,1640.0396097923922
-0.001274614404,1640.442393414634
-0.0015149305499999,1641.2351866057884
-0.00174206127,1642.2552574195488
-0.0019628692559999,1643.6692687354716
-0.0021624795359999,1645.403188230553
-0.002355192288,1647.53270077456
-0.002527822086,1649.9696063462425
-0.002694721362,1652.520179076203
-0.002850159594,1655.0539570511885
-0.002995268952,1657.2487341208266
-0.003131773818,1659.4024429914834
-0.003249920112,1661.102581526282
-0.003352024428,1662.5488817544228
-0.00344780601,1664.0151744859322
-0.003537282276,1665.2232459590678
-0.003609549558,1666.1876558256636
-0.0036669070319999,1666.978996984505
-0.003711061662,1667.6475319337642
-0.003740306484,1668.1489994357144
-0.0037529345339999,1668.38982716681
-0.003754658916,1668.6334886921918
-0.0037380247259999,1668.721831374492
-0.003706480728,1668.8354963635356
-0.003665757444,1668.91607717554
-0.00360151986,1669.18727645441
-0.003528677784,1669.1865172433304
-0.00340765752,1669.1712031383909
-0.0033256361579999,1669.2229567269724
-0.00317652066,1669.2139427870966
-0.0030428723459999,1669.2223984178258
-0.0028771226579999,1669.102590885264
-0.0027010440959999,1669.063402308805
-0.002498577264,1668.9208735722273
-0.002288655528,1668.810787718278
-0.0020626743959999,1668.4507117188057
-0.001820059074,1668.474995489864
-0.0015671322959999,1668.5303910606522
-0.0012935477699999,1668.3374763901743
-0.0010159396859999,1668.2053501016237
-0.000733175874,1668.2497968578368
-0.00044468154,1668.2223109838224
-0.000144151368,1668.0654849779185
0.000153522252,1667.669994348369
0.000454069842,1667.544595858978
0.000749444286,1667.5467024509037
0.001029908922,1667.6856709232106
0.0013143796979999,1668.1105277524684
0.001581084114,1668.565484533232
0.00185179467,1668.7156902322613
0.00211219377,1668.7559535993923
0.002364545754,1668.6640927336462
0.002605436694,1668.4131607898669
0.002833717002,1668.182253445283
0.003052818024,1668.057029925853
0.003258716202,1668.3062788352486
0.0034445488439999,1668.42896954423
0.003633812832,1668.4430352157024
0.003803011284,1668.1155610798692
0.003954425958,1668.0190647507798
0.0041041162499999,1667.859997201504
0.004233741006,1667.9662090583734
0.004350180336,1668.3897374011815
0.00446144652,1668.6080973928738
0.0045532045439999,1668.882512129214
0.004631777142,1668.9960592548878
0.004708642776,1668.8197041237636
0.00477288036,1668.7567547161393
0.004814178438,1668.6093634631934
0.004845722436,1668.554156845055
0.0048646383839999,1668.4959159022303
0.004868087148,1668.4685176416692
0.004852027752,1668.3467816204277
0.004822208136,1668.208467561422
0.0047768865,1668.2341996587525
0.004717822062,1668.272010736443
0.004644979986,1668.3402775232055
0.0045560785139999,1668.388683403472
0.004438507014,1668.2650501325852
0.00433124697,1668.272258108765
0.004179257502,1668.2866770917603
0.003997448418,1668.2504785775527
0.003810466188,1668.2563489086097
0.00361545426,1668.266409515365
0.003408981288,1668.316033850187
0.003188748096,1668.4175848105165
0.002953587678,1667.7456145778483
0.002703517452,1667.9524738671637
0.002431657308,1668.1596496816342
0.002148318702,1668.284655181276
0.0018649975139999,1668.3924014053314
0.0015736292099999,1668.1490450513015
0.00128570967,1667.9279677257805
0.000982305528,1667.8042461067052
0.00068635629,1667.6798104845216
0.0003858087,1667.7563363908916
9.3308226e-05,1667.599772515674
-0.0001940539379999,1667.4037817393096
-0.000474518574,1667.4448693026698
-0.0007440795419999,1667.5936999142125
-0.001001029878,1667.9924656992748
-0.001247093964,1668.130665431126
-0.0014816621699999,1668.2432988952833
-0.001706493714,1668.7005257995174
-0.001925594736,1668.898407378956
-0.002132067708,1669.198004010353
-0.0023270796359999,1668.9357076624046
-0.002508331344,1668.5884837920526
-0.00267923676,1668.151893321383
-0.00283295061,1667.942893563205
-0.00298265832,1667.9015971243552
-0.003118588392,1667.642085854337
-0.0032367346859999,1667.6179239481205
-0.003352024428,1667.765856866603
-0.0034409259,1667.7956087894026
-0.003535557894,1667.9753210775916
-0.0036003702719999,1668.196868605556
-0.003670913172,1668.4160045387148
-0.003701882376,1668.4487063964602
-0.003727695852,1668.472192455985
-0.00374260566,1668.7146875141043
-0.003747778806,1668.7736912939436
-0.003736300344,1668.8378010113051
-0.00371221125,1668.7875570480164
-0.003671487966,1668.738356779043
-0.003613555698,1668.4854675887864
-0.003536707482,1668.4219920513146
-0.003413388042,1668.409706620047
-0.00334112076,1668.3850980210336
-0.0032086394519999,1668.3942110486057
-0.003068685822,1668.2615767946731
-0.0028966134,1668.493020168642
-0.002711930346,1668.423452071731
-0.002515211454,1668.484284202957
-0.002301840954,1668.416939858314
-0.0020821825559999,1668.4343671720862
-0.0018389924399999,1668.5902488658876
-0.0015917961839999,1668.4650783377656
-0.001320493416,1668.4939632094945
-0.001049208066,1668.7060114451533
-0.00076874343,1668.6896429994797
-0.00047794992,1668.9514337566202
-0.000182000682,1669.1590422525887
0.00012140346,1669.3110227141156
0.0004219510499999,1669.3195080220094
0.000717325494,1668.9132129541094
0.001008119004,1668.46570715807
0.00129258978,1668.0102477044006
0.001567323894,1667.7747838122689
0.001832878722,1667.877570805636
0.00209268561,1667.991196411078
0.002347354188,1668.176808802677
0.002584796364,1668.2876710881114
0.0028142088419999,1668.3169572062525
0.0030292863059999,1668.3318087084922
0.003232902726,1668.3502955217891
0.0034267650659999,1668.6272481192327
0.0036011192459999,1668.7239957716447
0.003780071778,1668.7997279940437
0.00394239012,1668.7299462048982
0.00408634989,1668.6123486988463
0.004223986926,1668.5160194338746
0.004349030748,1668.2732640524364
0.0044562733739999,1668.2093844357985
0.00455262975,1667.8968455511526
0.0046426808099999,1667.977008574764
0.004708642776,1667.9134729969146
0.004771155978,1667.987112756451
0.004814178438,1668.2390314302447
0.0048445728479999,1668.306135556545
0.004857758274,1668.350479582325
0.0048612070379999,1668.3643808607076
0.004850878164,1668.302722980592
0.004820483754,1668.2487457102757
0.004787790168,1668.2807013524566
0.0047281335179999,1668.3086052522608
0.004662763764,1668.3095783700774
0.00456926394,1668.364001387417
0.004436207838,1668.4728442158969
0.004306583082,1668.4101044855315
0.004153444026,1668.4178254760486
0.004018663542,1668.428094393681
0.003840860598,1668.4085063733496
0.0036475730519999,1668.3554080236522
0.00343421997,1668.257770189402
0.0032116876019999,1668.2917076732483
0.002972521044,1669.0110454092296
0.002736211038,1668.9332329561407
0.00245689599,1668.7154714696612
0.00218561064,1668.6466825759717
0.001897116306,1668.6263910823754
0.0016137776999999,1668.747170126438
0.0013138049039999,1668.9785018327843
0.001017280872,1669.2757869854472
0.0007219064279999,1669.709930069198
0.0004225258439999,1669.649039205572
0.00013115754,1669.58503859432
-0.0001573367939999,1669.636374486899
-0.000437226636,1669.6043733582292
-0.00070508064,1669.3537042810713
-0.00097235985,1669.2894402973347
-0.001223562246,1669.2361568145866
-0.0014638958099999,1669.1956853403576
-0.001690434318,1668.849407506323
-0.001908960546,1668.56883766669
-0.0021143013479999,1668.2646093632789
-0.002305289718,1668.4358991805457
-0.002484817044,1668.7006757152744
-0.0026551476659999,1669.283506419144
-0.0028157416259999,1669.5286091702928
-0.00295914402,1669.3878388147427
-0.00309622368,1669.376634080484
-0.003220100496,1669.2173677023625
-0.00333711462,1669.0015573701194
-0.0034300222319999,1668.9013853632437
-0.003520073292,1668.7607819915777
-0.00359176578,1668.7728056469257
-0.0036525546,1669.0270378135524
-0.0036984510299999,1668.956308783841
-0.00373572555,1668.8803905825823
-0.003748336182,1668.7770930802026
-0.0037472040119999,1668.755228253836
-0.003734001168,1668.938084326011
-0.00370533114,1669.017078569118
-0.0036703383779999,1669.1080339624327
-0.003614130492,1669.108678812804
-0.003545311974,1669.1046553612614
-0.0034334709959999,1669.0977748592309
-0.00334112076,1669.1050458494929
-0.003225831018,1669.065913716508
-0.003072691962,1669.179690274217
-0.002910391038,1669.1596302776834
-0.0027320133,1669.2711685591669
-0.0025421571,1669.2966392044495
-0.002328804018,1669.364631158122
-0.002106846444,1669.4748686576472
-0.001865938086,1669.4048419853466
-0.001615310484,1669.406745729552
-0.00134458251,1669.3419600047014
-0.0010807520639999,1669.2378858371453
-0.000785952414,1669.30090220175
-0.0004997572559999,1669.2473993649528
-0.000207239364,1669.392522703457
9.788916e-05,1669.792816611147
0.000394987986,1669.661062333937
0.0006932364,1669.9233828427527
0.000977707176,1670.0223704226714
0.0012633449579999,1670.1853647024743
0.001531181544,1670.4154242085651
0.0018001851359999,1670.3807640427972
0.002061716406,1670.182728342435
0.0023186667419999,1669.4108553083531
0.002559557682,1669.098304973851
0.002796442482,1668.661298547289
0.0030138017039999,1668.331516233125
0.00322372344,1667.8521725880769
0.003413004846,1667.7478780216277
0.003597113106,1667.7476861383143
0.003768593316,1668.0350798680147
0.00392976207,1668.1545241671292
0.004078320192,1668.2515087893255
0.004208502324,1668.236358233538
0.00433412094,1668.2890323468791
0.004440213978,1668.5477569459076
0.004542893088,1668.8467755407082
0.00462892059,1668.7122537374034
0.004707493188,1668.6181410295808
0.004770581184,1668.2838792662064
0.004818184578,1668.091726179401
0.004849153782,1668.0281902117072
0.0048663627659999,1668.02656772075
0.00487381767,1667.9964309393563
0.004854901722,1668.1195536331256
0.00483366918,1668.1290871544225
0.004794670278,1668.067249230614
0.004737887598,1668.0161039338427
0.0046650455219999,1668.0258634241732
0.0045744370859999,1668.0497408912747
0.004462021314,1668.0339344936133
0.004360491792,1668.107667581458
0.004169503422,1668.090828929283
0.004039303872,1668.076376962758
0.0038672488679999,1668.202956201365
0.003671087352,1668.2984375368328
0.003461183034,1668.4223022046322
0.0032455133579999,1668.364724286348
0.003009795564,1668.417722484463
0.002760300132,1668.4928052534133
0.002492446128,1668.6185597289757
0.0022217355719999,1668.6946464356888
0.001933241238,1668.7555032414116
0.001641315558,1668.7253512778366
0.0013476480779999,1668.5511444098124
0.001045968318,1668.1948312836294
0.0007465703159999,1667.6588930587504
0.000454069842,1667.6382457012346
0.000162126744,1667.6742042997284
-0.0001189126859999,1668.077142468746
-0.0004011017039999,1668.2432356529584
-0.000672387054,1668.3376415327866
-0.0009367922939999,1668.1782000931294
-0.001187437314,1668.027583810378
-0.001426029078,1668.0799317554893
-0.001660039908,1668.396137315457
-0.00187626696,1668.5398349356092
-0.002087338284,1668.842187829227
-0.0022834998,1668.9684369206352
-0.0024710394059999,1668.8122155864626
-0.0026396630639999,1668.3327712780983
-0.002803130994,1667.7537220629015
-0.00294938994,1667.895866774949
-0.00308359563,1668.2365879882036
-0.003206340276,1668.7095719347158
-0.003315307284,1669.2260640915306
-0.003416836806,1669.1626807370917
-0.003503439102,1669.2528761105464
-0.003573407208,1669.180219655501
-0.003633638652,1668.7942667933053
-0.0036886969499999,1668.8398623019416
-0.003721390536,1668.9400305049694
-0.003739749108,1668.8635601519063
-0.0037466292179999,1668.833854656169
-0.00374260566,1668.6618979672462
-0.0037167921839999,1668.5535861276198
-0.00367894287,1668.4188734409786
-0.003629615094,1668.4546722176324
-0.003555048636,1668.5350292665798
-0.0035407136219999,1668.5991110636985
-0.003332516268,1668.5302035946434
-0.003238459068,1668.5019831260806
-0.0030893261519999,1668.5149518132291
-0.002920702494,1668.1302305813542
-0.002745198726,1668.2301751081343
-0.002559366084,1668.193637977049
-0.002352318318,1668.0668224741949
-0.002129211156,1667.9643786434826
-0.0018791409299999,1668.0467688636832
-0.001647429276,1668.1435111300843
-0.001385305794,1668.2580462026258
-0.0011134456499999,1668.4686350088605
-0.0008329810139999,1668.4405440423448
-0.0005347326,1668.4346168126208
-0.000236484186,1668.1316330078066
5.9465052e-05,1667.7636191751326
0.0003622943999999,1667.818563352639
0.000659393226,1667.6285310310725
0.000955917258,1667.739729566492
0.0012369566879999,1667.5218598932324
0.0015105412139999,1667.3585109136716
0.0017766708359999,1667.1225785506604
0.002039351694,1666.9905951646165
0.00229630203,1667.3212643806723
0.0025406243159999,1667.512579721648
0.002760874926,1667.9128512566972
0.0029839820879999,1668.104175258899
0.0031893228899999,1668.4563974533244
0.0033889157519999,1668.3262332785353
0.003574730976,1668.0496494254994
0.003750234744,1667.4767738052974
0.003913702674,1667.3290367860586
0.004060536414,1667.23346644889
0.004198765662,1667.296018589071
0.004327223412,1667.189354643353
0.004441363566,1667.1215438920517
0.004538294736,1666.987239827171
0.0046254718259999,1667.1019204150666
0.00469658952,1667.214549387949
0.004760827104,1667.530847834451
0.0048078557039999,1667.7439461135136
0.004841124084,1668.035520746569
0.004856033892,1668.032619999467
0.004872093288,1668.0315996229883
0.0048640635899999,1667.9490089401577
0.004838267532,1668.0054244601338
0.004808430498,1667.968786339589
0.004748216472,1668.0424783288154
0.004686852858,1668.0358956632272
0.0045847485419999,1667.960141195129
0.004490116548,1667.7623608662095
0.00436164138,1667.7398136231682
0.0042624284519999,1667.740288047613
0.004051357128,1667.704243837788
0.003880434294,1667.593879902614
0.0036969008279999,1667.5579918440983
0.003489853062,1667.3119921640923
0.003269602452,1667.3517946238508
0.003034459452,1667.2825821318293
0.002787263196,1667.2541327227514
0.002529163272,1667.2176206897807
0.00225902751,1667.393733316771
0.00197511411,1667.4466142315478
0.0016843205999999,1667.8178250510796
0.001391245332,1667.999055402086
0.001092422124,1668.2194305020312
0.0007941737099999,1668.2881767119147
0.000494218332,1668.025139120737
0.000199976058,1667.8983999461148
-9.0242658e-05,1667.5651143850296
-0.000369557706,1667.7723237394025
-0.000646573578,1667.815907033173
-0.00090582309,1667.7366087317082
-0.001157617698,1667.6618845303683
-0.0014025147779999,1667.383345971968
-0.001634801226,1667.1184715139852
-0.001853902248,1667.201760703963
-0.002054644698,1667.2140892211892
-0.002253087972,1667.211136020947
-0.002437196232,1667.493694546115
-0.0026121426239999,1667.2260753146934
-0.002772736584,1667.2923073653496
-0.002928157398,1667.0606694836683
-0.003064662264,1666.8323948100783
-0.0031931374319999,1666.8199573889606
-0.003306127998,1666.7983978343027
-0.0034065079319999,1666.9148813817587
-0.0035441623859999,1666.773746776532
-0.0035688262739999,1666.7746918591115
-0.00363592041,1666.8539495259856
-0.0036823916339999,1667.0768814040512
-0.003721390536,1667.1995560043802
-0.0037345759619999,1667.4701510355412
-0.0037374499319999,1667.658249845006
-0.003732276786,1667.7290019268637
-0.0037167921839999,1667.721642542922
-0.003717941772,1667.698962227019
-0.003625608954,1667.6610739701691
-0.003563653128,1667.605763359055
-0.0034437824519999,1667.59249920126
-0.003370940376,1667.619505829321
-0.003244764384,1667.5944244358602
-0.003103678584,1667.594300914985
-0.00295627005,1667.966263614503
-0.002768713026,1667.7908192481505
-0.0025782994499999,1667.731520605494
-0.002368952508,1667.6770254084777
-0.0021481271039999,1667.7090958174203
-0.001915265862,1667.6670388126522
-0.001669793988,1667.6264449538153
-0.001415142828,1667.7645505268465
-0.0011415583019999,1667.6574315052767
-0.0008570701079999,1667.690605045943
-0.000570300156,1667.5743138966936
-0.000273776124,1667.730898118234
2.3322702e-05,1668.154285615964
0.0003215711159999,1668.3447944608752
0.000620969118,1668.0967037983355
0.000910038246,1667.9032284362245
0.0011968081979999,1667.8783597680504
0.001469243136,1667.7344926283631
0.0017457016319999,1667.503995128778
0.002011813836,1667.5694091161631
0.0022693389659999,1667.463282463756
0.002509080318,1667.4695313222824
0.002741366766,1667.540007686432
0.002960467788,1667.4501460164906
0.00316981473,1667.274169125731
0.003372281562,1667.4427650635566
0.003555240234,1667.6258138171552
0.003733043178,1668.124108823266
0.00388961358,1668.2022405075736
0.00404332743,1668.2476691616134
0.004175233944,1668.253395365883
0.004306583082,1668.121132054685
0.004426453758,1667.8846101014274
0.00452911545,1667.910831939697
0.00461916651,1667.8626671921834
0.0046948825559999,1667.9283170762335
0.004757395758,1667.9159500717078
0.00480614874,1667.724044597766
0.004845147642,1667.5118494401968
0.0048646383839999,1667.6914807482412
0.004872093288,1667.8111888996991
0.0048640635899999,1668.010107109655
0.0048394171199999,1668.0388680165352
0.004800975594,1668.1013293194303
0.004752797406,1668.054429779933
0.00455950986,1667.954866037666
0.0046025323199999,1667.9564594768008
0.004530839832,1668.2444730989987
0.004386305268,1668.2056327202677
0.00422743569,1668.212731283933
0.004086907266,1668.3430417590698
0.003913702674,1668.440862442147
0.003720989922,1668.487064999143
0.003516241332,1668.651120020264
0.0033063195959999,1668.534483625643
0.003065428656,1668.48471889742
0.002814783636,1668.3902159927834
0.002554401954,1668.4648715150029
0.002280817428,1668.3725018728785
0.002002651968,1668.2373635739525
0.001713008046,1668.042319150887
0.001421064948,1667.995208344924
0.0011245409159999,1667.95336839149
0.000829166472,1668.064279449925
0.000532067646,1668.519843841657
0.000233244438,1668.7963476642108
-5.1226338e-05,1669.0964363484704
-0.000327684834,1668.6144193117825
-0.0006064250879999,1668.2695707382736
-0.000871405122,1667.9748030122464
-0.001131229428,1667.6953774970991
-0.00137097078,1667.7505999984128
-0.001606705992,1667.679672426067
-0.0018298131539999,1667.5428077190868
-0.002039160096,1667.2289364056342
-0.0022404773399999,1667.1702274917757
-0.0024217116299999,1666.8102450068322
-0.002595508434,1666.9516266040418
-0.00275953374,1667.2982427418738
-0.00290636748,1667.6230117007217
-0.003044021934,1667.94463630577
-0.003173071896,1667.8510298105948
-0.00328433808,1667.7142476601266
-0.003390448536,1667.56487320187
-0.003484505736,1667.4852446170155
-0.0035625209579999,1667.4464411938998
-0.003623884572,1667.4964566673034
-0.003671487966,1667.4272579767023
-0.003715660014,1667.4163008444907
-0.0037345759619999,1667.1292931034727
-0.00374948577,1666.8647728969868
-0.003742030866,1666.83042204904
-0.003723114918,1666.8344639063705
-0.0036806672519999,1666.9402036379142
-0.003623884572,1666.9834423715763
-0.003557922606,1667.072526794991
-0.003495409404,1667.0295836243522
-0.003352599222,1667.0569177196244
-0.003255668052,1667.1365075728245
-0.003094499298,1667.13618476791
-0.002960850984,1667.0333089447313
-0.0027905203619999,1667.0750294173872
-0.0025995145739999,1667.1686099168564
-0.002393041602,1667.301702853209
-0.002179671102,1667.3828792671088
-0.001949109036,1667.4654057212206
-0.0017179721759999,1667.5799147941177
-0.001438657128,1667.522365528769
-0.00116622219,1667.3795131557922
-0.00087943482,1667.3124899048576
-0.00059438925,1667.4279582429965
-0.000294416454,1667.413690014558
-3.622944e-06,1667.1543966983263
0.000294050676,1667.2971257160193
0.000594006054,1667.9583594431929
0.000885374358,1668.2232242824452
0.001170994722,1668.43102178871
0.001446878424,1668.247928325708
0.0017135828399999,1668.631550205057
0.001977413286,1668.706260754564
0.0022337888279999,1669.0333635703532
0.002479260702,1669.0027647011602
0.0027184272599999,1668.6105660156036
0.00294555798,1668.1431835091437
0.003157204098,1667.9283951284956
0.003359078718,1667.5994056420195
0.003542612184,1667.3647807592783
0.0037152593999999,1667.300174640874
0.0038787099119999,1667.4820735890155
0.004034722938,1667.6082793822852
0.00417065301,1667.8042262489398
0.0043008525599999,1667.8290791351474
0.004414992714,1668.0403714641102
0.0045147804359999,1668.1469865595482
0.004603107114,1668.4325262568582
0.004677673572,1668.3755922679802
0.00474361812,1670.5439124926288
0.004798693836,1670.4388398346969
0.0048422736719999,1670.4935513181058
0.004868087148,1670.3067681748498
0.004881847368,1670.2851779138186
0.004872668082,1670.1460832672446
0.00485030337,1670.158785826814
0.004809580086,1670.177599164704
0.004769431596,1670.1598455618814
0.0046948825559999,1670.564990076833
0.004622615274,1670.6448230583028
0.00451248126,1670.594143426615
0.00439778373,1670.412375039015
0.004293397656,1670.4119182527777
0.004093804794,1670.3277550578275
0.0039268881,1670.290288197832
0.003735324936,1670.2762357921597
0.0035397556319999,1670.3285662871272
0.00332352858,1670.4190729307634
0.00309352389,1670.6073040521678
0.00284462067,1670.71622497591
0.002591676474,1670.7561904011625
0.00231694236,1670.7398847834263
0.0020353281359999,1670.8971560027055
0.001746833802,1670.560512296779
0.0014520341519999,1670.5016928023351
0.001154360532,1670.490866893961
0.000854979948,1670.6293846513065
0.000552707976,1670.6689236783932
0.000260207502,1670.6684539948792
-2.7137244e-05,1670.600365620764
-0.000307044504,1670.6431504380798
-0.0005800542359999,1670.6094589492625
-0.0008444594759999,1670.7766670925707
-0.001096236666,1670.9037107558352
-0.00134057637,1670.8117409189545
-0.001575161994,1670.839824550943
-0.001798269156,1670.5466107953948
-0.0020133466199999,1670.3364304993663
-0.0022100829299999,1670.043371261581
-0.002414256726,1670.218493114474
-0.002580598626,1670.5440726921984
-0.002746923108,1670.57131532866
-0.00289260726,1670.4537945847692
-0.003037141824,1670.26742765673
-0.00316389261,1670.0758040648911
-0.003278607558,1669.8050113466852
-0.0033847180139999,1669.9219088457075
-0.003466164582,1670.1925375182282
-0.0035510424959999,1670.336797916682
-0.0036083999699999,1670.2175468976402
-0.00366230868,1670.104307227679
-0.0037070555219999,1669.989407174268
-0.003731144616,1670.125743360367
-0.003744330042,1670.2868764885857
-0.003742030866,1670.340201190363
-0.0037202409479999,1670.5016388179884
-0.003686397774,1670.4913660660714
-0.003629615094,1670.4203857475968
-0.003575706384,1670.3471034358872
-0.0034879545,1670.3775222485583
-0.003388724154,1670.3642081648986
-0.0032677038899999,1670.321005451638
-0.003104810754,1670.319236397003
-0.00297691038,1670.3480531547875
-0.002801981406,1670.4330058131914
-0.002620172322,1670.491166902976
-0.002418280284,1670.526087067868
-0.002198029674,1670.507987755987
-0.001970898954,1670.4212678951535
-0.001727726256,1670.4595520751743
-0.0014684767439999,1670.4190379326587
-0.0011937426299999,1670.5808764574203
-0.0009167267579999,1670.5532975583587
-0.000625933248,1670.568018169226
-0.000330558804,1670.6843472409937
-3.0011214e-05,1670.8168809745844
0.000263064054,1670.6930873134747
0.000564186438,1670.6925530172798
0.0008578365,1670.7419107966589
0.001142899488,1670.8074174810536
0.001417616184,1671.2016945146895
0.001688344158,1670.890700001134
0.001949875428,1670.631525772712
0.002209699734,1670.481495969551
0.00245689599,1670.2965179789758
0.002696062548,1670.4709627209686
0.002920319298,1670.8323574512206
0.003137695938,1670.9471847120917
0.0033378635939999,1670.6109645674233
0.003523121442,1670.7115051144651
0.003699200004,1670.7749975711367
0.0038660992799999,1670.7751683625545
0.004018663542,1670.914604263528
0.004155168408,1670.9681988743123
0.004287074922,1671.2472625824262
0.00440178987,1671.353456203652
0.004506175944,1671.1001485912798
0.004597951386,1670.838711450854
0.004679397954,1670.8325707176118
0.004751647818,1668.8000229802292
0.004822208136,1669.0802488277782
0.0048445728479999,1669.0569009121305
0.004868087148,1669.129062775054
0.004876116846,1669.0439846472077
0.004870961118,1669.20227375098
0.004854901722,1669.146534444827
0.00482278293,1669.223444716487
0.004771730772,1669.31910413997
0.004707493188,1669.0741843674057
0.004627196208,1669.0327031018485
0.004551480162,1668.989290407808
0.0044115439499999,1668.9636163564596
0.004232016624,1668.9628183333298
0.00410986419,1668.8098592331648
0.0039498450239999,1668.7987740007488
0.003763437588,1668.8239752741092
0.003563844726,1668.8898907990988
0.00335104902,1668.9323162157102
0.0031227861299999,1668.826712789255
0.002879596014,1668.8617870816663
0.002619789126,1668.8860876687936
0.002351360328,1668.8797009208988
0.002068021722,1668.718917435825
0.001781826564,1668.8200016584697
0.001484152944,1668.7370638277423
0.001190502882,1668.8640237464742
0.000889380498,1668.7748907306443
0.0005951556419999,1668.694013787106
0.000294050676,1668.56907257484
6.1137180000000005e-06,1668.5918728752567
-0.000269752566,1668.539373290128
-0.00054448668,1668.4086575476745
-0.00080889192,1668.286115088813
-0.001064117874,1668.3129401814704
-0.0013141881,1668.26422530398
-0.0015533546579999,1668.09545441495
-0.0017776114079999,1668.3238373658069
-0.00198983232,1668.2926220777808
-0.002189425182,1668.4125618022
-0.002379281382,1669.591682412407
-0.00255478515,1669.4764801386764
-0.002721684426,1669.3520624634884
-0.0028765478639999,1669.4892176091475
-0.003018783252,1669.4695282802118
-0.0031472584199999,1669.651695499484
-0.003256242846,1669.8371616778495
-0.003365209854,1669.8969415052595
-0.0034523869439999,1669.8446027520977
-0.0035389892399999,1669.9086981292944
-0.003606675588,1670.0137422316548
-0.003666332238,1670.04396546107
-0.003703031964,1670.067230744679
-0.00373285158,1669.999724744093
-0.00374260566,1669.963804266284
-0.003740306484,1669.9664314653323
-0.003721390536,1669.980959931072
-0.0036886969499999,1669.9807103780015
-0.003643950108,1670.02764619132
-0.003569975862,1670.0581803260866
-0.003482781354,1670.077917805084
-0.0033755387279999,1670.0895242638137
-0.003284912874,1670.1813489170745
-0.003136929546,1670.1812418067202
-0.0030027238559999,1670.113326668749
-0.002821489566,1670.0802894728797
-0.0026408126519999,1670.0775859414512
-0.00244121979,1670.10607784573
-0.0022284240839999,1670.0936984860073
-0.00199671243,1670.094867271282
-0.001750665762,1669.8533512595754
-0.001485685728,1669.8352212298705
-0.0012201309,1669.81184213474
-0.0009430976099999,1669.9971662311775
-0.00064542399,1669.9519517491613
-0.0003621028019999,1669.9031465443818
-6.6153564e-05,1669.8469310333376
0.000235543614,1669.7604158139588
0.000530343264,1669.594134089241
0.000829166472,1669.8080945526544
0.0011107806959999,1669.865267977763
0.0013895209499999,1669.8037924125574
0.00165392619,1669.98233792069
0.001923487158,1669.9973251999322
0.00218273667,1669.7447535859078
0.002431657308,1669.7007770216635
0.0026725482479999,1669.4859139579803
0.00289852938,1669.3400148006658
0.0031130320499999,1669.2601280245665
0.003319505022,1669.5156057710192
0.003505337664,1669.171579243538
0.003684290196,1668.8349161408291
0.003847740708,1668.8292773018045
0.004002604146,1668.8266143209717
0.004149437886,1668.8927608622698
0.00427045815,1668.7962852769842
0.00439090362,1668.6534138267443
0.0044947149,1668.689321074727
0.0045933530339999,1668.6404332371362
0.0046713682559999,1668.671054377056
0.004737312804,1668.543984580147
0.004792945896,1668.6432846902644
0.0048313874219999,1668.639274588165
0.0048652131779999,1668.579813726702
0.004875542052,1668.5657142175778
0.00488069778,1668.4359254614124
0.0048612070379999,1668.4238694667451
0.00483366918,1668.4704195028871
0.004778036088,1668.481033812864
0.004719546444,1668.4406569841158
0.004641531222,1668.439939646094
0.0045503479919999,1668.4895106512886
0.004426453758,1668.4641158853733
0.004247501226,1668.4650262429873
0.004132228902,1668.6109023771323
0.003965329626,1668.663960119789
0.003780646572,1668.691623215208
0.003586209438,1668.726738316926
0.0033751381139999,1668.8231663931697
0.0031508813639999,1668.8665474041422
0.00290941563,1668.970859213066
0.002647309566,1668.9699677600174
0.002381179944,1669.0050222217997
0.00209956572,1669.1194484422404
0.0018122209739999,1669.5274833006642
0.001518570912,1669.6064665672611
0.0012231964679999,1669.578051078436
0.000923798466,1669.2994772631632
0.000627849228,1669.120706166963
0.00032902602,1669.0831146108535
3.823251e-05,1669.0017655054326
-0.000243364296,1669.207721378988
-0.000515816652,1669.702635610255
-0.0007790723039999,1670.0877585924954
-0.001036597434,1670.0743040106586
-0.00128379369,1670.263379310838
-0.001522385454,1670.4237978715869
-0.001750665762,1670.4714473816907
-0.0019640188439999,1670.9394093644169
-0.002168784852,1670.836242846981
-0.002355767082,1669.4503331876144
-0.00247849431,1669.208256276744
-0.0027010440959999,1669.162687039866
-0.002858189292,1669.163542095559
-0.003005023032,1669.236700557773
-0.003132348612,1669.218493896551
-0.0032550932579999,1669.449278788819
-0.00335087484,1669.5141736307178
-0.003447231216,1669.641684490768
-0.00352522902,1669.5397031049647
-0.0035808621119999,1669.694600392398
-0.003649698048,1669.932541494235
-0.003696726648,1669.9881741344302
-0.003722540124,1670.051908824853
-0.0037351507559999,1669.966345256611
-0.00373572555,1669.8656973328143
-0.003717941772,1669.708618950533
-0.0036950022659999,1669.701472888466
-0.003653129394,1669.654194132257
-0.003641093556,1669.711301617348
-0.003516624528,1669.7424830969348
-0.003379544868,1669.700170350985
-0.00329409216,1669.719354871531
-0.003136929546,1669.7193920706236
-0.003004448238,1669.8134392577572
-0.002840405514,1669.6761427853603
-0.0026585964299999,1669.579052679485
-0.002460153156,1669.530369456993
-0.0022404773399999,1669.5549149859085
-0.002019651936,1669.7179120312517
-0.0017810601719999,1669.9194086728453
-0.0015286907699999,1670.0716443148558
-0.001257980214,1670.0513437636264
-0.000978665166,1669.8235147572254
-0.000693602178,1669.7591155463974
-0.000396503352,1669.6334225562937
-9.997932e-05,1669.538624584343
0.000199976058,1669.4419024775823
0.000498799266,1669.463912570806
0.0007958980919999,1669.2502238998468
0.001086116808,1669.077820992121
0.0013648570619999,1668.9180455213336
0.001635567618,1668.6783624757786
0.00189882327,1668.687250821694
0.00215922237,1669.0419307199968
0.0024058438319999,1669.318867604879
0.0026421538379999,1669.6095018382912
0.002867560176,1669.604552285356
0.0030843620219999,1669.6095016582583
0.003286811436,1670.5036371999709
0.003480673776,1670.6753421693666
0.0036596263079999,1670.6535431352297
0.003828249966,1670.6370177053714
0.0039899935139999,1670.6421908918896
0.004132803696,1670.6564549714426
0.004265859798,1670.7173610622683
0.00438515568,1670.7293773460992
0.004490691342,1670.8051799626428
0.0045847485419999,1671.7963648926284
0.004667344698,1672.0305472637024
0.0047327318699999,1671.9424366667536
0.0047906641379999,1671.9070345971836
0.004831944798,1671.8335418583783
0.004857758274,1671.8417082037413
0.00487381767,1671.8683396414913
0.004871535912,1671.909779871815
0.004859482656,1672.0201334094231
0.004832519592,1671.9605592862608
0.004791796308,1671.9229481365674
0.004735031046,1671.9198736349704
0.004648986126,1671.904453769714
0.004546899228,1671.9139064916608
0.004441363566,1672.2135876284128
0.00436164138,1672.2138717244366
0.0041798322959999,1672.2644098719666
0.003992275272,1672.2827453759903
0.003809891394,1672.2741984723866
0.003610298532,1672.281635985588
0.003399802002,1672.2612820146578
0.003168665142,1672.325921556545
0.002944408392,1672.2417731592118
0.0026828771219999,1672.2371552256068
0.002420178846,1672.2146127371498
0.00213971421,1672.2874232988345
0.001849512912,1672.1109649377222
0.001561018578,1672.282068326871
0.0012616205759999,1672.158176006248
0.000962222574,1672.1368419949515
0.00066284199,1672.1700637538688
0.000364593576,1672.208517402455
7.437486000000001e-05,1672.3057886448723
-0.000212395092,1672.33441046815
-0.0004859796179999,1672.3828320063808
-0.000758414556,1672.0755548047073
-0.00101250834,1672.1479761335695
-0.001261428978,1671.9495196480198
-0.00149429022,1671.4946369315055
-0.001721978316,1671.3339050332625
-0.0019422289259999,1671.0138981704577
-0.002142396582,1671.2692739735703
-0.0023328101579999,1671.2115223525088
-0.002515211454,1671.320428019936
-0.0026798115539999,1671.039679276219
-0.002843854278,1670.766165219106
-0.002988963636,1670.6916091061626
-0.003118013598,1670.9584262598828
-0.003239033862,1670.9973714266534
-0.00334800087,1671.2215349038152
-0.003442075488,1671.2835492957531
-0.00351834891,1671.1398169189763
-0.00359176578,1670.907458406204
-0.0036428179379999,1670.644022964167
-0.003686397774,1670.683476796422
-0.0037162173899999,1670.6854758118702
-0.0037380247259999,1670.9177653882712
-0.0037345759619999,1670.9044259400775
-0.00372196533,1670.944919129476
-0.003697301442,1670.9757561875308
-0.0036548537759999,1671.0318244291516
-0.003592340574,1671.001742575335
-0.00352810299,1670.9480392233845
-0.0034615662299999,1670.9936146909572
-0.003306702792,1670.981927610962
-0.003195436608,1670.974174450711
-0.00302280681,1670.7821253750717
-0.002860488468,1670.8304814773128
-0.00267235665,1670.8901997137382
-0.002479069104,1670.876818696594
-0.002269722162,1670.4728987335743
-0.002040309684,1670.3727314332154
-0.001808023236,1670.3315272112554
-0.0015510729,1670.3575953340128
-0.0012900990059999,1670.4844453121982
-0.001008484782,1670.570895575196
-0.000723439212,1670.6382947592438
-0.00043092132,1670.6428931071591
-0.000132098112,1670.5156551083874
0.000169581648,1671.092911898745
0.00046897965,1671.28034100406
0.000765503682,1671.4005733681556
0.0010476927,1671.3689670550489
0.0013321634759999,1671.2604992138608
0.0016028740319999,1671.2102285557598
0.001873027212,1671.3070197145794
0.002128253166,1671.326799560909
0.002375449422,1671.1390912015695
0.002615765568,1670.927167988304
0.0028388727299999,1670.8234174443082
0.0030631294799999,1670.7368334973023
0.003267895488,1669.5808661479891
0.0034279146539999,1669.5349880318377
0.003645866088,1669.8592001746724
0.003813914952,1670.0655003890015
0.00396991056,1670.0858515694931
0.004115594712,1669.8984072027574
0.00424807602,1669.74744893479
0.0043719702539999,1669.734506895551
0.004480362468,1669.8219195423435
0.0045744370859999,1669.0071746144886
0.00463980684,1668.9700821099914
0.0047229777899999,1669.09488062908
0.0047809100579999,1668.946210683312
0.0048250646879999,1668.999682489335
0.004856608686,1669.018274141537
0.004871535912,1669.1226465160676
0.0048829969559999,1668.9924184634551
0.004872093288,1668.9840811326908
0.0048394171199999,1669.0369756364898
0.004792945896,1669.055072919968
0.004726426554,1669.1406555151193
0.004661614176,1669.097069425246
0.004564108212,1669.057655571978
0.0044516924399999,1669.108136764164
0.00429397245,1669.0987244116718
0.0041872872,1669.0849815129868
0.00400718508,1669.0820100326382
0.0038293995539999,1669.054171103041
0.003629806692,1669.0079105569152
0.003425040684,1668.9978672286716
0.003203657904,1669.0929757823628
0.002971371456,1669.1428120222467
0.0027132715319999,1669.2795809902927
0.0024454175279999,1669.42488331307
0.002163245928,1669.274223912285
0.0018856378439999,1669.0946020628137
0.00159313737,1668.9742933816224
0.00129546375,1668.9870585837816
0.0009995145119999,1669.307466757798
0.0006966677459999,1669.2951498441855
0.00039843675,1669.2426370817625
0.000105344064,1668.996973302028
-0.000175120572,1668.715996246413
-0.000455585208,1668.310612627652
-0.000723439212,1668.5002518357496
-0.0009792399599999,1668.6581578902724
-0.001227585804,1668.7403523246917
-0.001464453186,1669.3189279999306
-0.0016950326699999,1669.118919512202
-0.00191240931,1668.0649406876796
-0.002115433518,1667.590872218393
-0.002312744622,1667.4635484933438
-0.0024951285,1667.476561137275
-0.002666051334,1667.5498149919013
-0.0028260705,1667.7558357949788
-0.002971179858,1667.567388813723
-0.003104810754,1667.2192245752794
-0.003221824878,1667.0623029865783
-0.00333136668,1666.6884744755907
-0.003419693358,1666.6570924813875
-0.0035103192119999,1666.9066659726968
-0.0035820116999999,1667.1341919680085
-0.0036399439679999,1667.2487314654709
-0.0036829664279999,1667.2816199645354
-0.003714510426,1667.3101058172497
-0.0037380247259999,1667.1278951619634
-0.00373572555,1667.128186230877
-0.003721390536,1667.013737723874
-0.00370533114,1666.9001353865892
-0.003658877334,1666.8807804555313
-0.00360151986,1666.8932350237164
-0.0035349831,1666.9382694125095
-0.003449530392,1666.9421871274485
-0.0033170316659999,1666.859415684863
-0.0031937122259999,1666.8673568804752
-0.0030434471399999,1667.0444189482278
-0.0028794044159999,1666.937285677065
-0.002699319714,1666.9564791758198
-0.002505457374,1667.0040904977222
-0.0022955356379999,1667.4097072020795
-0.002040309684,1667.5049578151395
-0.0018269391839999,1667.6141466880715
-0.001580317722,1667.5061813366956
-0.001311888924,1667.6047642954964
-0.001041178368,1667.88798595169
-0.000757264968,1668.1041485321598
-0.0004641896999999,1668.4499988432665
-0.0001688152559999,1668.5028955109233
0.000134588886,1667.8946101414167
0.000437435652,1667.3337308805185
0.000735109272,1666.834777047903
0.00102130443,1666.9254649738727
0.001301194272,1667.072070933371
0.0015736292099999,1667.468920046654
0.0018386092439999,1667.5206292526914
0.002101290102,1667.3139537562683
0.002362263996,1667.1218410396837
0.0025934008559999,1667.0469077393022
0.002825687304,1667.0774710720843
0.003034459452,1667.1881790926154
0.003246662946,1667.577305496346
0.0034382261099999,1667.8505824652943
0.003618903024,1667.7267740864386
0.0037955563799999,1667.1617059311702
0.003955000752,1667.0294651732274
0.004106415426,1667.12385540287
0.004240046322,1667.302569858769
0.004360491792,1667.6292045060295
0.004466027454,1667.8217809680546
0.004566982182,1667.8288122547724
0.004646129574,1666.97078565196
0.004719546444,1666.9814530945173
0.004779185676,1667.0420943086783
0.004823357724,1667.0209530711395
0.004859482656,1667.048876656091
0.004871535912,1667.0990677226655
0.004877841228,1667.285467675264
0.0048646383839999,1667.2626130642302
0.0048445728479999,1667.2012391017338
0.004804999152,1666.8527981478128
0.0047505156479999,1666.7186018899588
0.0046713682559999,1666.749568382344
0.004586472924,1666.760905806168
0.0044706258059999,1666.54407127662
0.004369671078,1666.5565993050054
0.004229734866,1666.543636068552
0.004031274174,1666.4748682635527
0.003855195612,1666.5020886612847
0.0036596263079999,1666.5666814748397
0.003450279366,1666.608872963223
0.003223148646,1666.5426486283022
0.002992011786,1666.5871972272453
0.002740791972,1666.4799173145138
0.002481559878,1666.2867173006316
0.002208550146,1666.271447938212
0.001918906224,1666.3326094073775
0.0016275379199999,1666.4807210796826
0.001329306924,1666.633225960359
0.00103506465,1666.5495296119789
0.000735684066,1666.3868289731167
0.000432262506,1666.2688045079317
0.00014204379,1666.1098097513554
-0.000144151368,1666.0536312416289
-0.0004251907979999,1666.2336529606168
-0.000697050942,1666.1105110147118
-0.000956300454,1666.045202198975
-0.001209227232,1666.2141531241418
-0.0014426632679999,1665.8953056416665
-0.001668069606,1665.9244618684202
-0.0018831470699999,1666.717165398847
-0.00211027779,1666.68383707273
-0.002285206764,1666.856740031134
-0.0024710394059999,1666.7206126381934
-0.002643686622,1666.874539612375
-0.002804280582,1666.8592014411147
-0.002950539528,1667.1131521672928
-0.003084170424,1667.2780854485704
-0.003211496004,1667.4943528188328
-0.00332048043,1667.672946002482
-0.00341854377,1667.706949604747
-0.003503439102,1667.5042745487758
-0.003575706384,1667.298010007367
-0.003623884572,1667.3841201741243
-0.00367894287,1667.3414952155254
-0.003708762486,1667.368354043957
-0.003730569822,1667.4444512224968
-0.003736300344,1667.4661076010098
-0.003723689712,1667.592903353498
-0.003701882376,1667.722758831905
-0.003657152952,1667.7684813265314
-0.003607250382,1667.8357930437578
-0.003540138828,1667.7996572130803
-0.003404208756,1667.7940405609384
-0.003322187394,1667.9083057526718
-0.00321092121,1667.8694843282992
-0.003068111028,1667.8614200497482
-0.0028966134,1668.1398482668628
-0.002721109632,1668.0738823454844
-0.0025232411519999,1668.0842317728625
-0.00231790035,1668.0899619125553
-0.00208963746,1667.7091158807589
-0.001863081534,1667.7382961502767
-0.0016061311979999,1667.8283962821197
-0.001345732098,1667.83479868952
-0.001070440608,1667.682202097155
-0.0007876767959999,1667.5768669388144
-0.000496308492,1667.2054527933733
-0.000197485284,1667.4357739730335
0.0001059188579999,1667.7311965782278
0.0004070238239999,1668.47545877713
0.000700691304,1668.7347125541114
0.000992616984,1668.715700080941
0.001266776304,1668.3109810172225
0.001546091352,1668.0405999538102
0.001808214834,1667.7359545541312
0.00207491925,1667.5788228782162
0.0023284208219999,1667.8168203125688
0.002569886556,1667.7812258342974
0.002794143306,1667.5842639216694
0.003017250468,1667.3958677137844
0.003223148646,1666.9668762747729
0.003418160574,1666.5135556300056
0.0036114481199999,1666.654955084975
0.003784077918,1667.0714741214256
0.003944097084,1667.4373523995846
0.004085775096,1667.3846001691145
0.004221130374,1667.202821713147
0.004346731572,1666.802794592733
0.004457997756,1666.5774002094304
0.0045532045439999,1666.491243863814
0.004638099876,1667.292387276767
0.004697739108,1667.4032936674398
0.004767149838,1667.4887386850196
0.00482278293,1667.587405580558
0.004852602546,1667.538178847286
0.004872668082,1667.4154098706526
0.004885296132,1667.405174345174
0.00487381767,1667.4921767505084
0.004845722436,1667.579267303513
0.004805573946,1667.9555658483964
0.0047459172959999,1667.9449040170052
0.004677098778,1667.9575873480971
0.004597376592,1667.9184791555876
0.004477505916,1667.814537892942
0.0043518872999999,1667.8146732780317
0.004175233944,1667.802003044449
0.004047908364,1667.7761570050416
0.003874703772,1667.7460036565185
0.003680841432,1667.705016320171
0.003473793666,1667.728728633664
0.003259290996,1667.7740377706036
0.0030212566079999,1667.6830393147166
0.002768904624,1667.661465437459
0.0025033497959999,1667.6703793641918
0.002234363622,1667.9183998554622
0.001951025016,1668.147915070218
0.001658507124,1668.1933404166616
0.0013614257159999,1668.2857056332364
0.00106545906,1668.3897867361093
0.0007591983659999,1668.5405307981755
0.0004626743339999,1668.507479728802
0.0001724556179999,1668.608009794073
-0.000115463922,1668.6897918348295
-0.000386191896,1668.7401558583397
-0.000659201628,1668.4856482468635
-0.000919008516,1668.0087904743536
-0.001169078742,1667.3108739248396
-0.0014185741739999,1666.991614332164
-0.001645704894,1667.0244978660858
-0.001867662468,1667.1515505150987
-0.002068979712,1667.225565667928
-0.002266290816,1667.2091087461995
-0.0024521234579999,1667.409156854675
-0.002630483778,1667.2199772958302
-0.002791652532,1667.2241460524842
-0.002938486272,1667.0801499534873
-0.003074416344,1667.1387422376483
-0.003197735784,1667.147880646633
-0.003300397476,1667.3899287619074
-0.003400202616,1667.34988379856
-0.0034879545,1667.2826916718063
-0.003563653128,1667.1532740970788
-0.0036267585419999,1666.9660026946572
-0.0036795176639999,1666.9095677862092
-0.003711061662,1666.9355339774752
-0.0037294202339999,1666.98101687915
-0.003739174314,1667.076366859343
-0.0037265462639999,1667.149887307149
-0.003708762486,1667.1903767284134
-0.003670913172,1667.1195706371418
-0.00361528008,1667.0116285676963
-0.0035326839239999,1666.991980222415
-0.0033038462399999,1666.988057265969
-0.003321055224,1666.924032550436
-0.003220100496,1666.8916153340256
-0.00309047574,1666.888809132227
-0.002920702494,1666.7534929638632
-0.0027417673799999,1666.8783687031828
-0.002547330246,1666.8996738287929
-0.0023442886199999,1666.861542057131
-0.002119457076,1667.198013907744
-0.001867662468,1667.109707610971
-0.001637100402,1667.0482690844538
-0.001376126508,1666.889888077087
-0.001103116776,1666.8946950868008
-0.000815197236,1667.060967997842
-0.000522121968,1667.466419660691
-0.000224448348,1667.6300951602975
7.2650478e-05,1667.588709616335
0.000374905032,1667.3168204797034
0.000665698542,1667.2458398924157
0.000955917258,1667.2195615977812
0.001238106276,1667.64181849644
0.001511690802,1667.6816244988122
0.001780102182,1667.6461285319417
0.002042800458,1667.5380328477122
0.002299733376,1666.966570417655
0.002538342558,1666.836304619438
0.002772353388,1666.675846362279
0.00298858044,1666.8092914245171
0.003205939662,1666.8290167414652
0.003406682112,1667.2150633793308
0.003593664342,1666.1252149233185
0.003765736764,1665.887374653791
0.003918858402,1665.3907106669935
0.004068566112,1665.4238975259163
0.0042056457719999,1665.6779692540665
0.004332396558,1666.033508097392
0.004443662742,1666.0637703593757
0.0045440252579999,1666.0080589855263
0.00463292673,1665.7769991048222
0.0047051940119999,1665.5487298220205
0.004765425456,1665.5236781032231
0.004812454056,1665.6493496059247
0.00485030337,1665.892141391797
0.0048795656099999,1666.0271430194875
0.004885870926,1666.1279356702044
0.00488069778,1666.0716959853198
0.00485317734,1665.9656981432718
0.004807298328,1665.9780294577108
0.004757970552,1666.2129104035548
0.004686852858,1666.28288689665
0.00459852618,1666.296137867088
0.00450560115,1666.313338894607
0.004365090144,1666.326482810061
0.004249225608,1666.3319822992994
0.004051357128,1666.4457353385192
0.0038907631679999,1666.4571496170734
0.003698050416,1666.450450238186
0.003496733172,1666.3634918314117
0.003278781738,1666.277927235647
0.003048794466,1666.3228802203062
0.0027998738279999,1666.3961823993154
0.002533744206,1666.5788930503154
0.002266482414,1666.615739468683
0.001976263698,1666.5201639570068
0.001688344158,1666.3184154211776
0.0013889461559999,1666.2772727267345
0.001088415984,1666.304260378521
0.000792449328,1666.3822010415229
0.000495925296,1666.6774598754282
0.0002005508519999,1666.782551720731
-8.334513e-05,1666.8141940700862
-0.00036037842,1666.5481678133156
-0.000629364594,1666.4308450966764
-0.000894919422,1666.4626989532462
-0.001147863618,1666.7312981415262
-0.00138760497,1666.9770136104862
-0.001623340182,1666.9059543952794
-0.001839567234,1666.992614715733
-0.002055219492,1666.8221139519865
-0.002251381008,1666.8105374909792
-0.002438920614,1666.769150758585
-0.00261156783,1667.1678490716758
-0.002771012202,1667.328670898978
-0.002925300846,1667.442709523324
-0.00306008133,1667.42142727214
-0.0031788024179999,1667.2423797170104
-0.00329121819,1667.0231753669727
-0.003391598124,1666.9127584095158
-0.0034822239779999,1667.1426381669737
-0.0035590721939999,1667.4370935407214
-0.003619861014,1667.6496191760866
-0.003670913172,1667.6711863465057
-0.0037036067579999,1667.6791904113643
-0.003732276786,1667.7002693103277
-0.00373572555,1667.7493882524636
-0.0037282706459999,1667.78343129847
-0.003705905934,1667.7999204398002
-0.0036686139959999,1667.9514436830073
-0.003621010602,1667.9547072696291
-0.0035424380039999,1667.9712948504211
-0.0034248665039999,1667.939186886957
-0.003337671996,1667.925704007377
-0.003239033862,1668.021321615659
-0.003078439902,1668.0108019951765
-0.002936187096,1667.913893877506
-0.002754952806,1667.8867675650254
-0.002565114024,1667.89966717858
-0.002359773222,1667.9895124524314
-0.002145270552,1668.0594873061373
-0.0019112597219999,1668.1565168974876
-0.00165889032,1668.085246722654
-0.001399658226,1668.1463941606448
-0.0011254989059999,1668.1398629362188
-0.000842735094,1668.1596107839605
-0.000546785856,1668.1470308275734
-0.000257716728,1668.1080041507553
4.283086199999999e-05,1668.1037585649792
0.00034165407,1667.9935531589203
0.000637028514,1667.965888540975
0.0009335525459999,1667.944079775099
0.001213442388,1667.8494953746858
0.0014893260899999,1667.8888481172737
0.001754306124,1667.9507722981557
0.002015837394,1668.0245119897086
0.002268764172,1668.16892894102
0.00251768481,1667.9439809862329
0.0027511208459999,1668.3028498124504
0.00297194625,1668.3040876154537
0.0031858741259999,1668.4542752640368
0.0033843174,1668.3503751850535
0.003570150042,1669.3334632096517
0.003747952986,1669.303067086454
0.0039045233879999,1669.3777085403058
0.004058237238,1669.3770306035562
0.004199897832,1669.039754744117
0.004320918096,1669.0914222180909
0.0044304773159999,1669.160088829172
0.0045319894199999,1669.2146902907434
0.00461916651,1669.3181253411826
0.004700613078,1669.350815862927
0.0047637010739999,1669.245707529336
0.004815328026,1669.2442030310003
0.004847446818,1669.2305880395356
0.00487669164,1668.058779703474
0.0048835717499999,1668.0297333122426
0.004878990816,1667.990608017451
0.004849153782,1667.9799898643123
0.00481990896,1667.9905847120262
0.004764275868,1667.8624926529346
0.004690858998,1667.833731380042
0.004610562018,1667.870768124741
0.0044740571519999,1668.1061976457586
0.00438802965,1668.106405081298
0.0042796200179999,1668.1101203213766
0.004078877568,1668.013753322276
0.003912553086,1668.026770920795
0.003726720444,1668.0280803640812
0.003519672678,1668.0535320158456
0.003308043978,1668.1524095755103
0.003066578244,1668.2804234932669
0.002821663746,1668.378474966451
0.002560132476,1668.43584483296
0.0022911463019999,1668.3769426927502
0.0020089572839999,1668.5098398888686
0.001717014186,1668.6258871136597
0.001421064948,1668.6204440272431
0.001118810394,1668.581158447735
0.000825142914,1668.7458798538196
0.000523463154,1668.6697859446554
0.000233819232,1668.7731099037717
-5.0668962e-05,1668.7646422640687
-0.0003322657679999,1668.7285082250723
-0.000605850294,1669.1108811910458
-0.000867398982,1669.4136859157952
-0.001122050142,1669.5947050595073
-0.0013669646399999,1669.604498584175
-0.001599825882,1669.5860023092769
-0.001821783456,1669.1779695964906
-0.002030555604,1669.3751947218848
-0.002235321612,1669.094194863696
-0.002418280284,1669.0009509396596
-0.002596083228,1668.6733624772105
-0.0027532284239999,1668.4468586860112
-0.002909816244,1668.4004466396218
-0.00304632111,1668.41804657818
-0.003173071896,1668.3952059681983
-0.00328146411,1668.5386949417148
-0.00337839528,1668.776549840355
-0.003477050832,1668.9251440465518
-0.003545311974,1669.1185575069912
-0.003614705286,1669.135111249247
-0.003667481826,1669.1776006164228
-0.003704181552,1669.121205096773
-0.0037317194099999,1669.077774042526
-0.0037345759619999,1669.1567436611308
-0.0037288454399999,1669.1816809823663
-0.00370933728,1669.1576646356966
-0.003675511524,1669.0753943308157
-0.003625608954,1669.0922485244305
-0.0035590721939999,1669.0425818670228
-0.0034701707219999,1669.00980844601
-0.0033267857459999,1668.9316608859258
-0.003244764384,1668.7649715291473
-0.00309047574,1668.7574286790275
-0.00294938994,1668.3665966189023
-0.002773886172,1668.3481216090177
-0.002584029972,1668.3712882626396
-0.002379281382,1668.471988930772
-0.002168784852,1668.4904728758395
-0.0019313252579999,1668.4966763454336
-0.001687002972,1668.616191721927
-0.001423172526,1668.6719797223946
-0.001159324662,1668.798626079354
-0.000873129504,1668.5480974105362
-0.0005823359939999,1668.511988579765
-0.0002875363439999,1668.3676686225026
1.2436452e-05,1668.2139564241363
0.000310110072,1667.937467430109
0.000610640244,1667.6524014022616
0.0009020085479999,1667.4557675270648
0.0011887785,1667.4703050832763
0.0014617882319999,1667.4662341165454
0.00173021703,1667.560169429138
0.0019951796459999,1667.5306170656731
0.002252129982,1667.6618355205133
0.0024976192739999,1667.771202067603
0.002729905722,1667.7060957371973
0.002951863296,1667.6211584853963
0.003164084208,1667.771831858609
0.003362527482,1667.723229616944
0.003554090646,1667.6679971179474
0.003731318796,1667.5581685158172
0.003895918896,1667.2371099366296
0.004051357128,1666.9845919030518
0.004180981884,1667.2545518841655
0.004312888398,1667.2249297850935
0.004423022412,1667.437674271799
0.004531414626,1667.738558834379
0.00461516037,1667.7878923142066
0.0046948825559999,1667.8200829720622
0.004760827104,1667.7470790791776
0.0048038495639999,1667.7532607005232
0.004847446818,1667.6967046706122
0.0048640635899999,1669.002136624973
0.0048612070379999,1668.9953724059524
0.004874392464,1668.977011012259
0.0048657879719999,1668.935468097587
0.0048250646879999,1668.774417844737
0.004771730772,1668.6184706639565
0.004707493188,1668.5269882497605
0.004608837636,1668.5074813580427
0.0045509227859999,1668.3599805788372
0.004396059348,1668.3492620690922
0.0042813443999999,1668.3480655312003
0.004109289396,1668.3992760279402
0.003931486452,1668.4117426485668
0.0037410728759999,1668.4269024833025
0.003537456456,1668.3725576318302
0.003317223264,1668.3138303599771
0.003087218574,1668.1988817353786
0.0028451780459999,1668.1866877705893
0.002594550444,1668.291094649056
0.00232382247,1668.4941037502558
0.00204165087,1668.5694781915654
0.00174798339,1668.6348142687148
0.001449734976,1668.1450540633546
0.001154935326,1667.9358900232874
0.000854405154,1667.6658979810436
0.0005584559159999,1667.598464721034
0.00026135709,1667.4053795385423
-2.4280692e-05,1667.3914526255326
-0.000311625438,1667.3018488605476
-0.000585209964,1666.857652339018
-0.000850189998,1666.5622147856598
-0.001101409812,1666.4126492522532
-0.00134745648,1666.4112510347013
-0.001574012406,1666.5256482266814
-0.00179596998,1666.932946157035
-0.002004742128,1666.8526687362655
-0.0022089333419999,1667.1128551997926
-0.002399346918,1666.9839349492622
-0.0025719941339999,1667.0603239889251
-0.002736594234,1666.9942091137536
-0.0028863019439999,1666.8445888657234
-0.00302968692,1666.7232842123683
-0.003158162088,1666.6296658902702
-0.003274584,1666.470890370601
-0.003379544868,1666.427076512428
-0.003469595928,1666.499541690006
-0.00354874332,1666.3388760217408
-0.003610124352,1666.229391427008
-0.003656578158,1666.2900998906855
-0.003693852678,1666.4440855669063
-0.0037173669779999,1666.5961124563032
-0.0037299950279999,1666.7038058921762
-0.0037259714699999,1666.7390523211143
-0.0036766436939999,1666.7214464537478
-0.003671487966,1666.6971036402324
-0.003628465506,1666.6193580167655
-0.003556773018,1666.603783433351
-0.00345869226,1666.6460844977864
-0.00335087484,1666.6663752619752
-0.003256242846,1666.8469711109733
-0.003153563736,1666.8574960661151
-0.0029654493359999,1667.3381223807546
-0.002814034662,1667.269068223564
-0.00260181375,1667.215227251308
-0.002397047742,1667.1115384809686
-0.002182545072,1667.0098189047558
-0.00194680986,1666.87488107425
-0.001708218096,1666.9170605126878
-0.001445537238,1667.1136092809224
-0.001171952712,1667.302086396122
-0.000897218598,1667.669199751971
-0.000610448646,1667.6881813764526
-0.000318505548,1667.6797286289657
-2.3131104e-05,1667.6806805102938
0.000279698244,1668.0298565556773
0.0005750901059999,1668.4116658446842
0.0008704645499999,1668.591933535727
0.001156659708,1668.3204939204425
0.001440573108,1667.9594956533942
0.001708409694,1667.5124927445972
0.001974539316,1667.2086937552026
0.002229190476,1666.964234372715
0.002479260702,1667.0619174824417
0.002712121944,1667.225438150023
0.0029346543119999,1667.4384576415446
0.003147450018,1667.408897476615
0.0033401627699999,1667.2129889348475
0.0035334503159999,1667.2296352127678
0.00370550532,1667.5568564945602
0.0038758533599999,1668.0628163149463
0.0040272680339999,1668.373940250609
0.004170078216,1668.2727326066424
0.00429397245,1668.6220451581644
0.0044161248839999,1668.1718651161332
0.004521085752,1667.8374309650048
0.004616867334,1667.8694169771643
0.00469658952,1668.0095367990557
0.00476025231,1668.2103719363213
0.004809580086,1668.3106344757011
0.004845147642,1668.3463706672233
0.004870961118,1668.342357395556
0.004877266434,1668.5899556886989
0.004878990816,1668.646868008564
0.004856608686,1668.7950273010974
0.0048262142759999,1668.9337150621673
0.004774029948,1669.027244739283
0.0047057688059999,1669.0420884225332
0.0046243222379999,1669.0055331611377
0.004509049914,1669.142328913399
0.0044184240599999,1669.1164129388903
0.004331821764,1669.1150048651266
0.004132228902,1669.088189416741
0.003953851164,1669.089762384238
0.0037662941399999,1669.063265870086
0.0035311511399999,1669.1207772488156
0.003353348196,1669.1338921119295
0.00311991216,1669.1888684208184
0.002874440286,1669.1058788353523
0.002611759428,1668.926249834209
0.002342755836,1668.818045835551
0.002060566818,1668.882950781836
0.001773222072,1669.10150832495
0.001481853768,1669.6658376937903
0.001176167868,1669.7940550879066
0.000892829262,1669.9753595081047
0.000591149502,1670.138242214437
0.000302080374,1670.1046968301985
8.987688e-06,1669.9563586007985
-0.0002760578819999,1669.955437957643
-0.000552516378,1670.055332338692
-0.000815197236,1670.0765927305042
-0.001068716226,1670.059260961889
-0.0013164872759999,1669.8292165326498
-0.0015533546579999,1669.7126429415553
-0.0017822097599999,1669.70274687369
-0.001993281084,1669.761077297314
-0.002191149564,1669.6442996719466
-0.0023815631399999,1669.6533640606735
-0.002549054628,1669.7000842465586
-0.002714804316,1669.9553325149582
-0.002870242548,1670.2472628536188
-0.00301017876,1670.0276568975032
-0.0031392287219999,1669.956534579656
-0.003262548162,1669.8411684049547
-0.003361778508,1669.6919811348166
-0.003456985296,1669.597471004713
-0.003537282276,1669.622576196135
-0.003607250382,1669.7110097647528
-0.003658877334,1669.7390753822983
-0.00369557706,1669.6596021978648
-0.003724821882,1669.5382807203378
-0.003732276786,1669.40157244781
-0.0037317194099999,1669.4201606150586
-0.003711061662,1668.5671258616594
-0.003674361936,1668.6244598357007
-0.003626183748,1668.643157912455
-0.003564227922,1668.660478593944
-0.003498283374,1668.5993943025546
-0.003431746614,1668.6162565046552
-0.0032740092059999,1668.5963873357005
-0.003173071896,1668.5957078509791
-0.00297978435,1668.6888526920911
-0.002818040802,1668.9297821200985
-0.002625902844,1668.9579330415577
-0.002429166534,1668.9921638538672
-0.002211232518,1669.09616629938
-0.001982377416,1669.1885413721234
-0.001736330748,1669.1309319914062
-0.001475356854,1668.9294644908996
-0.001206945474,1668.8284099905982
-0.0009259060439999,1668.9768348719929
-0.0006414178499999,1669.1374896043112
-0.000344319024,1669.290053440117
-4.894458e-05,1669.4199901591242
0.000250453422,1669.2596315224232
0.00054352869,1669.2998859677723
0.000838345758,1669.222473929714
0.001122816534,1669.590411521162
0.001400999412,1669.7107577914437
0.0016734343499999,1669.8093994938
0.00193897176,1669.8794624328984
0.002195922096,1669.6743087617174
0.002450590674,1669.5448778574369
0.002688607644,1669.1906836153669
0.0028755898739999,1668.9571781936684
0.00312966624,1668.9683087252051
0.00332352858,1669.0358613952744
0.0035122177739999,1668.8034929834107
0.0036917450999999,1668.595322885078
0.003857494788,1668.3002755984016
0.004017513954,1668.377023574601
0.004155168408,1668.5529776728422
0.004281919194,1668.0845273050822
0.004409244774,1668.1918753210916
0.004498146246,1668.173379692434
0.004595077416,1668.1165554198556
0.004677673572,1668.020266972072
0.0047499408539999,1668.002896138351
0.004810729674,1667.9251832607365
0.004848578988,1667.9637609455312
0.004871535912,1667.8198609194392
0.004877841228,1667.583843533222
0.0048841465439999,1667.6416171731807
0.00486293142,1667.6329973251136
0.004828513452,1667.6012176539705
0.0047843414039999,1667.712004450647
0.00470921757,1667.7745621321824
0.00462892059,1667.75233323863
0.004568689146,1667.6216052360728
0.0044304773159999,1667.6479295586382
0.004316337162,1667.6481429818764
0.004135085454,1667.5276268926414
0.003976215876,1667.5287343707578
0.003791532822,1667.587478918756
0.003593089548,1667.6410548423582
0.003371706768,1667.6886094510764
0.003144001254,1667.7380783801557
0.002904834696,1667.82372772568
0.002645585184,1667.826810217567
0.00237372504,1667.7807838642188
0.00209268561,1667.589857667606
0.001805340864,1667.4427678286402
0.001514547354,1667.4949676432766
0.001216316358,1667.895160765022
0.0009203497019999,1667.851066084672
0.000625550052,1667.8839661167954
0.000332474784,1667.9779018503675
4.4555244e-05,1667.957193123049
-0.00024393909,1667.9960739441435
-0.000519822792,1667.8750425475969
-0.000788826384,1667.8504157748705
-0.0010423279559999,1667.7054678989907
-0.001292398182,1667.5613464552284
-0.001529265564,1667.3443266169606
-0.0017563962839999,1667.0620926811855
-0.001969766784,1667.0694984567313
-0.002172216198,1667.1413418864113
-0.002363221986,1667.3555648002084
-0.0025421571,1667.457309223527
-0.002703900648,1667.335776102395
-0.00285646491,1667.1257160415971
-0.0030027238559999,1667.3921197990735
-0.00312661809,1667.6358873579325
-0.00324706356,1667.7507407652747
-0.003351449634,1667.750865177196
-0.0034437824519999,1667.8002515688129
-0.00352522902,1667.7948924298803
-0.00359577192,1667.6595549932804
-0.003650847636,1667.6154287461268
-0.00369557706,1667.6039206196765
-0.003720815742,1667.735726576932
-0.003731144616,1667.7497623374709
-0.003733426374,1667.7197888383903
-0.0037162173899999,1668.7435794858811
-0.003646824078,1668.7934491859874
-0.003634213446,1668.8912406073428
-0.003563653128,1668.9035333129432
-0.003475901244,1669.003325006569
-0.003361203714,1669.0698945087624
-0.003289493808,1669.0006230853792
-0.0031300494359999,1668.9991554088274
-0.003004448238,1668.9870055548886
-0.002831801022,1668.8276996112186
-0.002638513476,1668.9050567467548
-0.00245097387,1668.98950364251
-0.002236453782,1668.9614907612035
-0.002005316922,1669.0447175425256
-0.001763276394,1669.1127286162723
-0.001509774822,1669.2777009712586
-0.001235615502,1669.236947662313
-0.000958024836,1669.0192761899575
-0.000672387054,1668.9081575804362
-0.0003764378159999,1668.7180568146025
-7.933898999999999e-05,1668.4743055826702
0.0002171850419999,1668.4620282154287
0.000516583044,1668.3267313875635
0.0008090835179999,1668.5399440340734
0.001094146506,1668.4641566017017
0.001368305826,1668.7609664833476
0.001646471286,1668.8491527694505
0.0019103017319999,1668.8642664771603
0.0021718330019999,1669.1385786390483
0.002421328434,1669.2846989213613
0.002659362822,1669.6851104296884
0.0028882005059999,1669.5517476211426
0.003102703176,1669.2418209634766
0.003304595214,1668.9595097921278
0.0034996071419999,1668.739619550376
0.0036751109099999,1668.5401434573246
0.003839136216,1668.4735996089555
0.003996873624,1668.4219386851796
0.0041396838059999,1668.4078655971484
0.00427446429,1668.4973803840612
0.004386880062,1666.4104278204668
0.0044947149,1666.509580525562
0.004587622512,1666.634089647887
0.004671925632,1666.8360796741697
0.004743060744,1667.0408959020529
0.004798119042,1667.0166767876876
0.00484054929,1666.9658318539732
0.0048698115299999,1666.9344110822617
0.004885296132,1666.7985228132911
0.00488069778,1666.8526663545704
0.0048657879719999,1666.8145328875405
0.004835393562,1666.7592673779614
0.004788939756,1666.6837668059234
0.00472585176,1666.620594310779
0.004651285302,1666.6643246986223
0.004581317196,1666.778011591094
0.00444193836,1666.8372026650322
0.004347306366,1666.836408503547
0.004152869232,1666.9661877555718
0.003981963816,1666.9961936335844
0.003801861696,1667.0130342935208
0.0036022688339999,1666.987890035742
0.003393496686,1666.967873345022
0.00316981473,1666.9143631863385
0.0029346543119999,1666.895002814612
0.002680577946,1667.0293567134686
0.00240298728,1667.21375678418
0.002127103578,1667.4136308515735
0.0018380344499999,1667.458627220839
0.0015506897039999,1667.4014129513384
0.001255890054,1666.995675737504
0.0009719766539999,1666.9041552296285
0.000657668844,1666.7681159477645
0.00035828826,1666.9224163239455
6.634516199999999e-05,1666.9243457625776
-0.0002192752019999,1666.9075541496418
-0.000495158904,1666.9902692995856
-0.000763587702,1666.863802525375
-0.00101651448,1666.840649123057
-0.0012642855299999,1666.9229055627234
-0.001498871154,1667.403075102975
-0.001727726256,1667.806869079769
-0.00194280372,1667.9993570715087
-0.002144695758,1668.0411824943485
-0.0023328101579999,1667.8157800389758
-0.0025146366599999,1667.4143071951376
-0.00268211073,1667.0918764222256
-0.002842129896,1667.0981941974137
-0.002992969776,1667.143344677198
-0.003117438804,1667.1256963936198
-0.0032396086559999,1667.0192517126366
-0.003339971172,1667.0529001212085
-0.003437477136,1666.813913083318
-0.003525803814,1666.9828539549148
-0.003588317016,1667.2569372393573
-0.00364166835,1667.4700451170074
-0.0036852481859999,1667.6331712477422
-0.0037162173899999,1667.5667338853086
-0.00373572555,1667.553283247198
-0.0037265462639999,1667.5113511112436
-0.003717941772,1667.3391134915669
-0.003688122156,1667.3063016371766
-0.0036428179379999,1667.2533673292814
-0.0035825864939999,1667.2680113361507
-0.0035051634839999,1667.2144854752369
-0.0034116636599999,1667.1341821568822
-0.00329696613,1667.1196533620064
-0.003202891512,1667.1225638607134
-0.0030124779359999,1667.1060371629133
-0.0028455786599999,1666.9836523138024
-0.0026614703999999,1667.2538802386923
-0.0024618601199999,1667.1653986730655
-0.002252513178,1667.189687013302
-0.0020265494639999,1667.1209229183355
-0.001789664664,1667.1204439015637
-0.001536163092,1666.9609107578865
-0.001271740434,1667.0142057108756
-0.000988419246,1667.096001986928
-0.0007068050219999,1667.3196513701896
-0.000415436718,1667.6591746237805
-0.0001200622739999,1668.1167799351333
0.0001758869639999,1668.1058736201055
0.0004758597599999,1668.188198979797
0.000774108174,1667.7374687221736
0.001068907824,1667.5388174672166
0.0013505220479999,1667.0291144832167
0.0016263883319999,1667.0260047672127
0.0018856378439999,1667.0833429947693
0.002148893496,1666.8728515358766
0.002394957582,1666.4485078402467
0.002635273728,1665.901802066789
0.002865261,1665.649988737553
0.003078039288,1665.8382450874765
0.003281080914,1666.4052696082167
0.003469787526,1666.8089927084488
0.0036487226399999,1666.927056325263
0.003817346298,1666.8768899477082
0.003973359324,1666.739587671448
0.0041219000279999,1666.5123930163577
0.0042578301,1666.438638087222
0.0043754015999999,1668.6441912011178
0.00452911545,1668.7579300231646
0.00458589813,1668.8077905969872
0.004669643874,1668.6290159072296
0.004735031046,1668.3502605667122
0.0047906641379999,1668.3626531801474
0.004835968356,1668.3994000873067
0.004862356626,1668.6358650482848
0.004877841228,1668.9597016651778
0.004872668082,1668.9860457343443
0.0048663627659999,1669.0141136969523
0.004835393562,1669.027952232199
0.004794670278,1668.989287160494
0.0047315822819999,1669.0466461951405
0.00465530886,1669.0472362289738
0.004568689146,1669.1102586493262
0.004457422962,1669.122335230044
0.004369096284,1669.1196048046636
0.004193592516,1669.0857607031207
0.004022112306,1669.1182728690333
0.003831106518,1669.1487754493887
0.00363208845,1669.115670983475
0.00342045975,1669.0962791128686
0.003191604648,1669.0478946410758
0.002950713708,1669.0827626171504
0.00270179307,1669.1279994010197
0.002434531278,1669.1238727745583
0.002158072782,1669.0656509402484
0.0018718776239999,1669.0681520041585
0.001579359732,1669.0692850144687
0.001283410494,1669.0830885409
0.0009840299099999,1669.248742206435
0.0006897876359999,1669.358215578654
0.0003972871619999,1669.3586730933812
0.000108792828,1669.673689199583
-0.000176844954,1669.7046471710742
-0.000455585208,1669.438488454322
-0.0007308941159999,1669.1830876935733
-0.0009907010039999,1668.748977136268
-0.0012396216419999,1668.6049326915568
-0.0014776560299999,1668.3467041178585
-0.00170191278,1667.9129102725765
-0.001923870354,1667.6436473224426
-0.002127486774,1667.2943234094937
-0.002321923908,1667.202212485804
-0.002499726852,1667.298824839209
-0.002671207062,1667.6281728223385
-0.0028249209119999,1667.816630363799
-0.0029660241299999,1667.9915610032858
-0.00309735585,1666.8590589888236
-0.0032183761139999,1667.0400861062194
-0.00333136668,1666.6989000410672
-0.003427723056,1666.608467502394
-0.0035143427699999,1666.3184019376476
-0.003584310876,1666.1711592778124
-0.003637644792,1666.1731567066772
-0.003684098598,1666.1653454727852
-0.003718516566,1666.2388927828697
-0.003739174314,1666.1669669167927
-0.0037380247259999,1666.166025591091
-0.0037253966759999,1666.1796148609335
-0.003699600618,1666.217975075357
-0.0036433927319999,1666.3456994763897
-0.003586035258,1666.432231436323
-0.003521797674,1666.453982051652
-0.003462715818,1666.485665864564
-0.0033141576959999,1666.4917933723937
-0.003162168228,1666.4689818745392
-0.003030836508,1666.4667574960472
-0.002870242548,1666.6724631675895
-0.0026889908399999,1666.3147536080571
-0.002495703294,1666.3320569200882
-0.0022863563519999,1666.5529129954334
-0.0020626743959999,1666.9576044080386
-0.001822933044,1667.5193393248423
-0.001568281884,1668.3024985431448
-0.001302152262,1669.1731325188389
-0.001021112832,1670.2115665686065
-0.000736624638,1671.316780760213
-0.0004452563339999,1672.7046671936546
-0.00014988189,1674.2875154981955
0.0001454925539999,1676.4002344217938
0.00044546535,1678.487391213017
0.00074313897,1680.915009474285
0.001032765474,1683.0919105504786
0.001310373558,1685.4327388619276
0.001585682466,1687.388328383775
0.001849512912,1689.1543247360555
0.002112768564,1690.8382572751038
0.0023599648199999,1692.322999828103
0.002604287106,1693.2525075490785
0.002833717002,1693.7899882475162
0.003054524988,1693.4222879694155
0.003265596312,1692.315932402916
0.0034537281299999,1690.998797379149
0.003632663244,1689.5880110533062
0.0038041608719999,1688.0695159709198
0.003961880862,1686.0754950527594
0.004105265838,1684.0894080703133
0.004238339358,1681.812003885435
0.00436451535,1679.671314572072
0.00446832663,1677.5863351722028
0.0045675395579999,1675.668235146627
0.0046518600959999,1674.182607939144
0.004721253408,1672.948657633524
0.004783209234,1671.7380025648622
0.0048308126279999,1670.7582415695174
0.004863506214,1669.7544986794628
0.004885870926,1668.8611750468858
0.0048824221619999,1668.2665799034826
0.00486293142,1667.9674599339487
0.004839974496,1667.94579773833
0.004800975594,1667.9831724728256
0.004741911156,1667.9949395411527
0.004672500426,1668.0416860613225
0.004579592814,1667.9718750581774
0.004463170902,1667.8155115293675
0.004369096284,1667.8222415573746
0.004160324136,1667.9013306047727
0.0040272680339999,1667.7847302015616
0.00384946509,1667.7375885034407
