Time (s),Temperature (K)
0.0,1666.1500431252812
0.001,1665.284448945607
0.002,1663.9187939130748
0.003,1662.2647799158326
0.004,1660.274344032944
0.005,1658.029220374066
0.006,1655.9003381107082
0.007,1653.5570626249814
0.008,1651.0430326610149
0.009,1648.6733905180809
0.01,1646.2624643446975
0.011,1644.4046876659659
0.012,1642.5159128196774
0.013,1641.1722035146272
0.014,1640.484876467021
0.015,1640.0396097923922
0.016,1640.442393414634
0.017,1641.2351866057884
0.018,1642.2552574195488
0.019,1643.6692687354716
0.02,1645.403188230553
0.021,1647.53270077456
0.022,1649.9696063462425
0.023,1652.520179076203
0.024,1655.0539570511883
0.025,1657.2487341208266
0.026,1659.4024429914834
0.027,1661.102581526282
0.028,1662.5488817544228
0.029,1664.0151744859322
0.03,1665.2232459590678
0.031,1666.1876558256636
0.032,1666.978996984505
0.033,1667.6475319337642
0.034,1668.1489994357144
0.035,1668.38982716681
0.036,1668.6334886921918
0.037,1668.721831374492
0.038,1668.8354963635356
0.039,1668.91607717554
0.04,1669.18727645441
0.041,1669.1865172433304
0.042,1669.1712031383909
0.043,1669.2229567269724
0.044,1669.2139427870966
0.045,1669.2223984178258
0.046,1669.102590885264
0.047,1669.063402308805
0.048,1668.9208735722273
0.049,1668.8107877182779
0.05,1668.4507117188055
0.051,1668.4749954898639
0.052,1668.5303910606522
0.053,1668.3374763901743
0.054,1668.2053501016235
0.055,1668.2497968578368
0.056,1668.2223109838224
0.057,1668.0654849779185
0.058,1667.669994348369
0.059,1667.544595858978
0.06,1667.5467024509035
0.061,1667.6856709232106
0.062,1668.1105277524684
0.063,1668.565484533232
0.064,1668.7156902322613
0.065,1668.7559535993923
0.066,1668.6640927336462
0.067,1668.4131607898667
0.068,1668.182253445283
0.069,1668.057029925853
0.07,1668.3062788352486
0.071,1668.4289695442299
0.072,1668.4430352157024
0.073,1668.1155610798692
0.074,1668.0190647507798
0.075,1667.859997201504
0.076,1667.9662090583734
0.077,1668.3897374011817
0.078,1668.6080973928738
0.079,1668.8825121292139
0.08,1668.9960592548878
0.081,1668.8197041237636
0.082,1668.7567547161393
0.083,1668.6093634631934
0.084,1668.5541568450553
0.085,1668.4959159022305
0.086,1668.4685176416692
0.087,1668.3467816204275
0.088,1668.208467561422
0.089,1668.2341996587525
0.09,1668.272010736443
0.091,1668.3402775232057
0.092,1668.388683403472
0.093,1668.2650501325852
0.094,1668.272258108765
0.095,1668.2866770917603
0.096,1668.2504785775527
0.097,1668.2563489086097
0.098,1668.266409515365
0.099,1668.316033850187
0.1,1668.4175848105165
0.101,1667.7456145778483
0.102,1667.9524738671635
0.103,1668.1596496816342
0.104,1668.2846551812759
0.105,1668.3924014053314
0.106,1668.1490450513015
0.107,1667.9279677257805
0.108,1667.8042461067052
0.109,1667.6798104845216
0.11,1667.7563363908916
0.111,1667.599772515674
0.112,1667.4037817393096
0.113,1667.4448693026698
0.114,1667.5936999142123
0.115,1667.9924656992748
0.116,1668.130665431126
0.117,1668.2432988952833
0.118,1668.7005257995174
0.119,1668.898407378956
0.12,1669.198004010353
0.121,1668.9357076624046
0.122,1668.5884837920526
0.123,1668.1518933213833
0.124,1667.942893563205
0.125,1667.9015971243552
0.126,1667.642085854337
0.127,1667.6179239481203
0.128,1667.765856866603
0.129,1667.7956087894026
0.13,1667.9753210775916
0.131,1668.1968686055561
0.132,1668.4160045387148
0.133,1668.4487063964602
0.134,1668.472192455985
0.135,1668.7146875141043
0.136,1668.7736912939436
0.137,1668.8378010113051
0.138,1668.7875570480164
0.139,1668.738356779043
0.14,1668.4854675887864
0.141,1668.4219920513146
0.142,1668.409706620047
0.143,1668.3850980210336
0.144,1668.3942110486055
0.145,1668.2615767946731
0.146,1668.493020168642
0.147,1668.423452071731
0.148,1668.484284202957
0.149,1668.416939858314
0.15,1668.4343671720862
0.151,1668.5902488658876
0.152,1668.4650783377656
0.153,1668.4939632094943
0.154,1668.7060114451533
0.155,1668.6896429994795
0.156,1668.9514337566202
0.157,1669.1590422525887
0.158,1669.3110227141156
0.159,1669.3195080220094
0.16,1668.9132129541094
0.161,1668.46570715807
0.162,1668.0102477044006
0.163,1667.7747838122687
0.164,1667.877570805636
0.165,1667.991196411078
0.166,1668.176808802677
0.167,1668.2876710881114
0.168,1668.3169572062525
0.169,1668.3318087084922
0.17,1668.3502955217891
0.171,1668.6272481192327
0.172,1668.7239957716447
0.173,1668.7997279940437
0.174,1668.7299462048982
0.175,1668.6123486988463
0.176,1668.5160194338746
0.177,1668.2732640524364
0.178,1668.2093844357983
0.179,1667.8968455511526
0.18,1667.977008574764
0.181,1667.9134729969146
0.182,1667.987112756451
0.183,1668.2390314302447
0.184,1668.306135556545
0.185,1668.350479582325
0.186,1668.3643808607076
0.187,1668.302722980592
0.188,1668.2487457102757
0.189,1668.2807013524566
0.19,1668.3086052522608
0.191,1668.3095783700774
0.192,1668.364001387417
0.193,1668.4728442158967
0.194,1668.4101044855315
0.195,1668.4178254760486
0.196,1668.428094393681
0.197,1668.4085063733496
0.198,1668.3554080236522
0.199,1668.257770189402
0.2,1668.2917076732483
0.201,1669.0110454092296
0.202,1668.9332329561407
0.203,1668.7154714696612
0.204,1668.6466825759717
0.205,1668.6263910823754
0.206,1668.747170126438
0.207,1668.9785018327843
0.208,1669.2757869854472
0.209,1669.709930069198
0.21,1669.649039205572
0.211,1669.58503859432
0.212,1669.636374486899
0.213,1669.6043733582292
0.214,1669.3537042810713
0.215,1669.2894402973347
0.216,1669.2361568145866
0.217,1669.1956853403576
0.218,1668.8494075063227
0.219,1668.56883766669
0.22,1668.2646093632789
0.221,1668.4358991805457
0.222,1668.7006757152744
0.223,1669.283506419144
0.224,1669.5286091702928
0.225,1669.3878388147427
0.226,1669.376634080484
0.227,1669.2173677023625
0.228,1669.0015573701194
0.229,1668.9013853632437
0.23,1668.7607819915775
0.231,1668.7728056469255
0.232,1669.0270378135524
0.233,1668.956308783841
0.234,1668.8803905825825
0.235,1668.7770930802026
0.236,1668.7552282538359
0.237,1668.938084326011
0.238,1669.017078569118
0.239,1669.1080339624327
0.24,1669.108678812804
0.241,1669.1046553612614
0.242,1669.0977748592309
0.243,1669.1050458494929
0.244,1669.065913716508
0.245,1669.1796902742167
0.246,1669.1596302776834
0.247,1669.2711685591667
0.248,1669.2966392044495
0.249,1669.364631158122
0.25,1669.4748686576472
0.251,1669.4048419853466
0.252,1669.4067457295519
0.253,1669.3419600047014
0.254,1669.2378858371453
0.255,1669.30090220175
0.256,1669.2473993649528
0.257,1669.392522703457
0.258,1669.792816611147
0.259,1669.661062333937
0.26,1669.9233828427527
0.261,1670.0223704226714
0.262,1670.1853647024745
0.263,1670.4154242085651
0.264,1670.3807640427972
0.265,1670.182728342435
0.266,1669.4108553083533
0.267,1669.098304973851
0.268,1668.6612985472893
0.269,1668.331516233125
0.27,1667.8521725880769
0.271,1667.7478780216275
0.272,1667.7476861383143
0.273,1668.0350798680147
0.274,1668.1545241671292
0.275,1668.2515087893257
0.276,1668.2363582335379
0.277,1668.2890323468791
0.278,1668.5477569459076
0.279,1668.8467755407082
0.28,1668.7122537374034
0.281,1668.6181410295808
0.282,1668.2838792662064
0.283,1668.0917261794007
0.284,1668.0281902117072
0.285,1668.0265677207499
0.286,1667.9964309393563
0.287,1668.1195536331256
0.288,1668.1290871544225
0.289,1668.067249230614
0.29,1668.0161039338427
0.291,1668.0258634241732
0.292,1668.0497408912747
0.293,1668.0339344936133
0.294,1668.107667581458
0.295,1668.090828929283
0.296,1668.0763769627579
0.297,1668.202956201365
0.298,1668.2984375368328
0.299,1668.4223022046322
0.3,1668.364724286348
0.301,1668.417722484463
0.302,1668.4928052534133
0.303,1668.6185597289755
0.304,1668.6946464356888
0.305,1668.7555032414116
0.306,1668.7253512778366
0.307,1668.5511444098124
0.308,1668.1948312836294
0.309,1667.6588930587504
0.31,1667.6382457012346
0.311,1667.6742042997284
0.312,1668.077142468746
0.313,1668.2432356529584
0.314,1668.3376415327866
0.315,1668.1782000931294
0.316,1668.027583810378
0.317,1668.0799317554893
0.318,1668.396137315457
0.319,1668.5398349356092
0.32,1668.842187829227
0.321,1668.9684369206352
0.322,1668.8122155864626
0.323,1668.3327712780983
0.324,1667.7537220629015
0.325,1667.895866774949
0.326,1668.2365879882036
0.327,1668.7095719347158
0.328,1669.2260640915306
0.329,1669.1626807370917
0.33,1669.2528761105464
0.331,1669.1802196555013
0.332,1668.7942667933053
0.333,1668.8398623019416
0.334,1668.9400305049694
0.335,1668.8635601519063
0.336,1668.833854656169
0.337,1668.6618979672462
0.338,1668.5535861276198
0.339,1668.4188734409786
0.34,1668.4546722176324
0.341,1668.5350292665798
0.342,1668.5991110636983
0.343,1668.5302035946434
0.344,1668.5019831260806
0.345,1668.5149518132293
0.346,1668.1302305813542
0.347,1668.2301751081345
0.348,1668.193637977049
0.349,1668.0668224741949
0.35,1667.9643786434826
0.351,1668.0467688636832
0.352,1668.1435111300843
0.353,1668.2580462026258
0.354,1668.4686350088605
0.355,1668.4405440423448
0.356,1668.4346168126208
0.357,1668.1316330078066
0.358,1667.7636191751326
0.359,1667.818563352639
0.36,1667.6285310310723
0.361,1667.7397295664919
0.362,1667.5218598932324
0.363,1667.3585109136716
0.364,1667.1225785506604
0.365,1666.9905951646165
0.366,1667.3212643806723
0.367,1667.5125797216479
0.368,1667.9128512566972
0.369,1668.104175258899
0.37,1668.4563974533244
0.371,1668.3262332785353
0.372,1668.0496494254994
0.373,1667.4767738052974
0.374,1667.3290367860586
0.375,1667.2334664488899
0.376,1667.296018589071
0.377,1667.189354643353
0.378,1667.1215438920517
0.379,1666.987239827171
0.38,1667.1019204150666
0.381,1667.2145493879493
0.382,1667.530847834451
0.383,1667.7439461135136
0.384,1668.035520746569
0.385,1668.032619999467
0.386,1668.0315996229883
0.387,1667.9490089401575
0.388,1668.0054244601338
0.389,1667.9687863395893
0.39,1668.0424783288154
0.391,1668.0358956632272
0.392,1667.960141195129
0.393,1667.7623608662097
0.394,1667.7398136231682
0.395,1667.740288047613
0.396,1667.704243837788
0.397,1667.593879902614
0.398,1667.5579918440985
0.399,1667.3119921640923
0.4,1667.3517946238508
0.401,1667.2825821318293
0.402,1667.2541327227514
0.403,1667.2176206897807
0.404,1667.393733316771
0.405,1667.4466142315478
0.406,1667.8178250510796
0.407,1667.999055402086
0.408,1668.2194305020312
0.409,1668.2881767119147
0.41,1668.025139120737
0.411,1667.8983999461148
0.412,1667.5651143850296
0.413,1667.7723237394025
0.414,1667.815907033173
0.415,1667.7366087317082
0.416,1667.6618845303683
0.417,1667.383345971968
0.418,1667.1184715139852
0.419,1667.201760703963
0.42,1667.2140892211892
0.421,1667.211136020947
0.422,1667.493694546115
0.423,1667.2260753146934
0.424,1667.2923073653496
0.425,1667.0606694836683
0.426,1666.8323948100783
0.427,1666.8199573889606
0.428,1666.7983978343027
0.429,1666.9148813817587
0.43,1666.7737467765319
0.431,1666.7746918591115
0.432,1666.8539495259856
0.433,1667.0768814040512
0.434,1667.1995560043802
0.435,1667.4701510355412
0.436,1667.6582498450061
0.437,1667.7290019268635
0.438,1667.721642542922
0.439,1667.698962227019
0.44,1667.6610739701691
0.441,1667.605763359055
0.442,1667.5924992012601
0.443,1667.619505829321
0.444,1667.5944244358602
0.445,1667.594300914985
0.446,1667.966263614503
0.447,1667.7908192481505
0.448,1667.731520605494
0.449,1667.6770254084777
0.45,1667.7090958174203
0.451,1667.6670388126522
0.452,1667.6264449538153
0.453,1667.7645505268465
0.454,1667.6574315052767
0.455,1667.690605045943
0.456,1667.5743138966936
0.457,1667.730898118234
0.458,1668.154285615964
0.459,1668.3447944608752
0.46,1668.0967037983355
0.461,1667.9032284362243
0.462,1667.8783597680504
0.463,1667.7344926283631
0.464,1667.5039951287781
0.465,1667.5694091161631
0.466,1667.463282463756
0.467,1667.4695313222824
0.468,1667.540007686432
0.469,1667.4501460164906
0.47,1667.274169125731
0.471,1667.4427650635566
0.472,1667.6258138171552
0.473,1668.124108823266
0.474,1668.2022405075736
0.475,1668.2476691616134
0.476,1668.253395365883
0.477,1668.121132054685
0.478,1667.8846101014274
0.479,1667.910831939697
0.48,1667.8626671921834
0.481,1667.9283170762337
0.482,1667.9159500717078
0.483,1667.724044597766
0.484,1667.5118494401968
0.485,1667.6914807482412
0.486,1667.8111888996991
0.487,1668.010107109655
0.488,1668.0388680165352
0.489,1668.1013293194305
0.49,1668.054429779933
0.491,1667.9548660376659
0.492,1667.9564594768008
0.493,1668.2444730989987
0.494,1668.2056327202677
0.495,1668.212731283933
0.496,1668.3430417590698
0.497,1668.4408624421467
0.498,1668.487064999143
0.499,1668.651120020264
0.5,1668.5344836256427
0.501,1668.48471889742
0.502,1668.3902159927834
0.503,1668.4648715150029
0.504,1668.3725018728783
0.505,1668.2373635739523
0.506,1668.0423191508867
0.507,1667.9952083449239
0.508,1667.9533683914901
0.509,1668.064279449925
0.51,1668.519843841657
0.511,1668.7963476642108
0.512,1669.0964363484704
0.513,1668.6144193117825
0.514,1668.2695707382736
0.515,1667.9748030122464
0.516,1667.6953774970993
0.517,1667.7505999984128
0.518,1667.679672426067
0.519,1667.5428077190868
0.52,1667.2289364056342
0.521,1667.1702274917757
0.522,1666.8102450068322
0.523,1666.9516266040418
0.524,1667.2982427418738
0.525,1667.6230117007217
0.526,1667.94463630577
0.527,1667.8510298105948
0.528,1667.7142476601266
0.529,1667.56487320187
0.53,1667.4852446170157
0.531,1667.4464411938998
0.532,1667.4964566673034
0.533,1667.4272579767025
0.534,1667.4163008444907
0.535,1667.1292931034727
0.536,1666.8647728969868
0.537,1666.83042204904
0.538,1666.8344639063703
0.539,1666.9402036379142
0.54,1666.9834423715765
0.541,1667.072526794991
0.542,1667.0295836243522
0.543,1667.0569177196244
0.544,1667.1365075728245
0.545,1667.13618476791
0.546,1667.0333089447313
0.547,1667.0750294173872
0.548,1667.1686099168564
0.549,1667.301702853209
0.55,1667.3828792671088
0.551,1667.4654057212206
0.552,1667.5799147941175
0.553,1667.5223655287687
0.554,1667.3795131557922
0.555,1667.3124899048576
0.556,1667.4279582429963
0.557,1667.4136900145581
0.558,1667.1543966983263
0.559,1667.2971257160193
0.56,1667.9583594431929
0.561,1668.2232242824452
0.562,1668.43102178871
0.563,1668.247928325708
0.564,1668.631550205057
0.565,1668.706260754564
0.566,1669.0333635703532
0.567,1669.0027647011602
0.568,1668.6105660156036
0.569,1668.1431835091435
0.57,1667.9283951284956
0.571,1667.5994056420195
0.572,1667.3647807592783
0.573,1667.300174640874
0.574,1667.4820735890157
0.575,1667.6082793822852
0.576,1667.8042262489398
0.577,1667.8290791351474
0.578,1668.0403714641102
0.579,1668.1469865595482
0.58,1668.4325262568582
0.581,1668.3755922679802
0.582,1670.5439124926288
0.583,1670.4388398346969
0.584,1670.4935513181058
0.585,1670.3067681748498
0.586,1670.2851779138186
0.587,1670.1460832672446
0.588,1670.158785826814
0.589,1670.1775991647041
0.59,1670.1598455618814
0.591,1670.564990076833
0.592,1670.6448230583028
0.593,1670.5941434266147
0.594,1670.412375039015
0.595,1670.4119182527775
0.596,1670.3277550578277
0.597,1670.290288197832
0.598,1670.2762357921597
0.599,1670.3285662871272
0.6,1670.4190729307634
0.601,1670.6073040521678
0.602,1670.7162249759099
0.603,1670.7561904011623
0.604,1670.7398847834265
0.605,1670.8971560027057
0.606,1670.560512296779
0.607,1670.5016928023351
0.608,1670.490866893961
0.609,1670.6293846513063
0.61,1670.6689236783932
0.611,1670.6684539948792
0.612,1670.600365620764
0.613,1670.6431504380798
0.614,1670.6094589492623
0.615,1670.7766670925707
0.616,1670.9037107558352
0.617,1670.8117409189545
0.618,1670.839824550943
0.619,1670.5466107953948
0.62,1670.3364304993665
0.621,1670.043371261581
0.622,1670.2184931144739
0.623,1670.5440726921984
0.624,1670.5713153286601
0.625,1670.4537945847692
0.626,1670.26742765673
0.627,1670.0758040648911
0.628,1669.8050113466852
0.629,1669.9219088457075
0.63,1670.1925375182282
0.631,1670.336797916682
0.632,1670.2175468976402
0.633,1670.1043072276793
0.634,1669.9894071742679
0.635,1670.1257433603673
0.636,1670.2868764885857
0.637,1670.3402011903627
0.638,1670.5016388179884
0.639,1670.4913660660714
0.64,1670.4203857475968
0.641,1670.3471034358872
0.642,1670.3775222485583
0.643,1670.3642081648986
0.644,1670.321005451638
0.645,1670.319236397003
0.646,1670.3480531547875
0.647,1670.4330058131914
0.648,1670.4911669029761
0.649,1670.526087067868
0.65,1670.507987755987
0.651,1670.4212678951535
0.652,1670.4595520751745
0.653,1670.4190379326587
0.654,1670.5808764574203
0.655,1670.5532975583587
0.656,1670.568018169226
0.657,1670.6843472409937
0.658,1670.8168809745844
0.659,1670.6930873134747
0.66,1670.6925530172798
0.661,1670.7419107966589
0.662,1670.8074174810536
0.663,1671.2016945146897
0.664,1670.890700001134
0.665,1670.631525772712
0.666,1670.481495969551
0.667,1670.2965179789758
0.668,1670.4709627209686
0.669,1670.8323574512206
0.67,1670.9471847120917
0.671,1670.6109645674233
0.672,1670.7115051144651
0.673,1670.7749975711367
0.674,1670.7751683625543
0.675,1670.914604263528
0.676,1670.9681988743123
0.677,1671.2472625824262
0.678,1671.353456203652
0.679,1671.1001485912798
0.68,1670.8387114508541
0.681,1670.8325707176118
0.682,1668.8000229802292
0.683,1669.0802488277782
0.684,1669.0569009121305
0.685,1669.129062775054
0.686,1669.0439846472077
0.687,1669.20227375098
0.688,1669.146534444827
0.689,1669.223444716487
0.69,1669.31910413997
0.691,1669.0741843674055
0.692,1669.0327031018483
0.693,1668.9892904078079
0.694,1668.9636163564596
0.695,1668.9628183333298
0.696,1668.8098592331648
0.697,1668.7987740007488
0.698,1668.8239752741092
0.699,1668.8898907990988
0.7,1668.9323162157102
0.701,1668.826712789255
0.702,1668.8617870816665
0.703,1668.8860876687936
0.704,1668.8797009208988
0.705,1668.718917435825
0.706,1668.8200016584697
0.707,1668.7370638277425
0.708,1668.8640237464742
0.709,1668.7748907306445
0.71,1668.694013787106
0.711,1668.56907257484
0.712,1668.5918728752567
0.713,1668.539373290128
0.714,1668.4086575476745
0.715,1668.286115088813
0.716,1668.3129401814704
0.717,1668.2642253039799
0.718,1668.09545441495
0.719,1668.3238373658069
0.72,1668.2926220777808
0.721,1668.4125618022
0.722,1669.591682412407
0.723,1669.4764801386764
0.724,1669.3520624634884
0.725,1669.4892176091475
0.726,1669.4695282802118
0.727,1669.651695499484
0.728,1669.8371616778495
0.729,1669.8969415052597
0.73,1669.8446027520977
0.731,1669.9086981292944
0.732,1670.0137422316548
0.733,1670.04396546107
0.734,1670.067230744679
0.735,1669.9997247440933
0.736,1669.9638042662841
0.737,1669.9664314653323
0.738,1669.980959931072
0.739,1669.9807103780017
0.74,1670.02764619132
0.741,1670.0581803260866
0.742,1670.0779178050839
0.743,1670.0895242638135
0.744,1670.1813489170745
0.745,1670.1812418067202
0.746,1670.1133266687493
0.747,1670.0802894728795
0.748,1670.0775859414512
0.749,1670.10607784573
0.75,1670.0936984860073
0.751,1670.094867271282
0.752,1669.8533512595754
0.753,1669.8352212298705
0.754,1669.81184213474
0.755,1669.9971662311777
0.756,1669.9519517491613
0.757,1669.9031465443818
0.758,1669.8469310333376
0.759,1669.7604158139588
0.76,1669.594134089241
0.761,1669.8080945526544
0.762,1669.8652679777633
0.763,1669.8037924125574
0.764,1669.98233792069
0.765,1669.9973251999322
0.766,1669.7447535859078
0.767,1669.7007770216637
0.768,1669.4859139579803
0.769,1669.3400148006658
0.77,1669.2601280245663
0.771,1669.5156057710192
0.772,1669.171579243538
0.773,1668.8349161408291
0.774,1668.8292773018043
0.775,1668.8266143209717
0.776,1668.8927608622698
0.777,1668.7962852769842
0.778,1668.6534138267443
0.779,1668.689321074727
0.78,1668.6404332371362
0.781,1668.671054377056
0.782,1668.543984580147
0.783,1668.6432846902644
0.784,1668.6392745881653
0.785,1668.579813726702
0.786,1668.5657142175778
0.787,1668.4359254614124
0.788,1668.4238694667451
0.789,1668.4704195028871
0.79,1668.481033812864
0.791,1668.4406569841158
0.792,1668.439939646094
0.793,1668.4895106512886
0.794,1668.4641158853733
0.795,1668.4650262429873
0.796,1668.6109023771323
0.797,1668.663960119789
0.798,1668.691623215208
0.799,1668.726738316926
0.8,1668.8231663931697
0.801,1668.8665474041422
0.802,1668.970859213066
0.803,1668.9699677600174
0.804,1669.0050222217997
0.805,1669.1194484422404
0.806,1669.5274833006642
0.807,1669.6064665672611
0.808,1669.5780510784361
0.809,1669.2994772631632
0.81,1669.120706166963
0.811,1669.0831146108535
0.812,1669.0017655054326
0.813,1669.207721378988
0.814,1669.7026356102547
0.815,1670.0877585924954
0.816,1670.0743040106586
0.817,1670.263379310838
0.818,1670.4237978715869
0.819,1670.4714473816907
0.82,1670.9394093644169
0.821,1670.836242846981
0.822,1669.4503331876144
0.823,1669.2082562767441
0.824,1669.162687039866
0.825,1669.163542095559
0.826,1669.236700557773
0.827,1669.218493896551
0.828,1669.449278788819
0.829,1669.5141736307178
0.83,1669.641684490768
0.831,1669.5397031049647
0.832,1669.6946003923981
0.833,1669.932541494235
0.834,1669.9881741344302
0.835,1670.051908824853
0.836,1669.966345256611
0.837,1669.8656973328143
0.838,1669.708618950533
0.839,1669.701472888466
0.84,1669.654194132257
0.841,1669.711301617348
0.842,1669.7424830969348
0.843,1669.700170350985
0.844,1669.7193548715313
0.845,1669.7193920706236
0.846,1669.8134392577572
0.847,1669.6761427853603
0.848,1669.579052679485
0.849,1669.530369456993
0.85,1669.5549149859085
0.851,1669.7179120312517
0.852,1669.9194086728453
0.853,1670.0716443148558
0.854,1670.0513437636264
0.855,1669.8235147572254
0.856,1669.7591155463974
0.857,1669.6334225562937
0.858,1669.5386245843433
0.859,1669.4419024775825
0.86,1669.4639125708059
0.861,1669.2502238998468
0.862,1669.077820992121
0.863,1668.9180455213336
0.864,1668.6783624757786
0.865,1668.6872508216939
0.866,1669.0419307199968
0.867,1669.318867604879
0.868,1669.6095018382912
0.869,1669.604552285356
0.87,1669.6095016582585
0.871,1670.5036371999709
0.872,1670.6753421693666
0.873,1670.6535431352295
0.874,1670.6370177053714
0.875,1670.6421908918896
0.876,1670.6564549714426
0.877,1670.7173610622685
0.878,1670.7293773460992
0.879,1670.8051799626428
0.88,1671.7963648926284
0.881,1672.0305472637024
0.882,1671.9424366667536
0.883,1671.9070345971836
0.884,1671.8335418583783
0.885,1671.8417082037413
0.886,1671.8683396414913
0.887,1671.9097798718153
0.888,1672.0201334094231
0.889,1671.9605592862608
0.89,1671.9229481365674
0.891,1671.9198736349704
0.892,1671.904453769714
0.893,1671.9139064916608
0.894,1672.2135876284128
0.895,1672.2138717244366
0.896,1672.2644098719666
0.897,1672.2827453759905
0.898,1672.2741984723866
0.899,1672.2816359855879
0.9,1672.2612820146578
0.901,1672.325921556545
0.902,1672.2417731592118
0.903,1672.2371552256068
0.904,1672.2146127371498
0.905,1672.2874232988343
0.906,1672.1109649377222
0.907,1672.282068326871
0.908,1672.1581760062481
0.909,1672.1368419949517
0.91,1672.1700637538688
0.911,1672.208517402455
0.912,1672.3057886448723
0.913,1672.33441046815
0.914,1672.3828320063808
0.915,1672.0755548047073
0.916,1672.1479761335695
0.917,1671.9495196480198
0.918,1671.4946369315057
0.919,1671.3339050332625
0.92,1671.0138981704577
0.921,1671.2692739735703
0.922,1671.2115223525088
0.923,1671.3204280199361
0.924,1671.039679276219
0.925,1670.766165219106
0.926,1670.6916091061626
0.927,1670.9584262598828
0.928,1670.9973714266534
0.929,1671.2215349038152
0.93,1671.2835492957533
0.931,1671.1398169189765
0.932,1670.9074584062041
0.933,1670.644022964167
0.934,1670.683476796422
0.935,1670.6854758118702
0.936,1670.9177653882712
0.937,1670.9044259400775
0.938,1670.9449191294761
0.939,1670.9757561875308
0.94,1671.0318244291516
0.941,1671.001742575335
0.942,1670.9480392233845
0.943,1670.9936146909572
0.944,1670.981927610962
0.945,1670.974174450711
0.946,1670.7821253750717
0.947,1670.8304814773128
0.948,1670.8901997137382
0.949,1670.876818696594
0.95,1670.4728987335743
0.951,1670.3727314332154
0.952,1670.3315272112554
0.953,1670.3575953340128
0.954,1670.4844453121982
0.955,1670.5708955751961
0.956,1670.6382947592438
0.957,1670.6428931071591
0.958,1670.5156551083874
0.959,1671.0929118987447
0.96,1671.2803410040601
0.961,1671.4005733681556
0.962,1671.3689670550489
0.963,1671.2604992138608
0.964,1671.2102285557598
0.965,1671.3070197145794
0.966,1671.326799560909
0.967,1671.1390912015695
0.968,1670.927167988304
0.969,1670.8234174443082
0.97,1670.7368334973025
0.971,1669.5808661479891
0.972,1669.5349880318377
0.973,1669.8592001746724
0.974,1670.0655003890015
0.975,1670.0858515694931
0.976,1669.8984072027574
0.977,1669.74744893479
0.978,1669.734506895551
0.979,1669.8219195423435
0.98,1669.0071746144886
0.981,1668.9700821099914
0.982,1669.0948806290799
0.983,1668.946210683312
0.984,1668.999682489335
0.985,1669.018274141537
0.986,1669.1226465160676
0.987,1668.9924184634551
0.988,1668.9840811326908
0.989,1669.0369756364898
0.99,1669.055072919968
0.991,1669.1406555151193
0.992,1669.097069425246
0.993,1669.057655571978
0.994,1669.108136764164
0.995,1669.0987244116718
0.996,1669.0849815129868
0.997,1669.0820100326382
0.998,1669.054171103041
0.999,1669.0079105569152
1.0,1668.9978672286716
1.001,1669.0929757823628
1.002,1669.1428120222467
1.003,1669.2795809902927
1.004,1669.42488331307
1.005,1669.274223912285
1.006,1669.0946020628135
1.007,1668.9742933816224
1.008,1668.9870585837816
1.009,1669.307466757798
1.01,1669.2951498441857
1.011,1669.2426370817625
1.012,1668.996973302028
1.013,1668.715996246413
1.014,1668.310612627652
1.015,1668.5002518357496
1.016,1668.6581578902724
1.017,1668.7403523246917
1.018,1669.3189279999306
1.019,1669.118919512202
1.02,1668.0649406876796
1.021,1667.590872218393
1.022,1667.4635484933438
1.023,1667.476561137275
1.024,1667.5498149919013
1.025,1667.7558357949788
1.026,1667.567388813723
1.027,1667.2192245752794
1.028,1667.0623029865783
1.029,1666.6884744755907
1.03,1666.6570924813877
1.031,1666.9066659726968
1.032,1667.1341919680085
1.033,1667.2487314654709
1.034,1667.2816199645354
1.035,1667.3101058172497
1.036,1667.1278951619634
1.037,1667.128186230877
1.038,1667.0137377238739
1.039,1666.9001353865892
1.04,1666.8807804555313
1.041,1666.8932350237164
1.042,1666.9382694125097
1.043,1666.9421871274485
1.044,1666.859415684863
1.045,1666.8673568804752
1.046,1667.0444189482278
1.047,1666.9372856770647
1.048,1666.9564791758198
1.049,1667.0040904977222
1.05,1667.4097072020795
1.051,1667.5049578151397
1.052,1667.6141466880717
1.053,1667.5061813366956
1.054,1667.6047642954964
1.055,1667.88798595169
1.056,1668.1041485321598
1.057,1668.4499988432663
1.058,1668.5028955109233
1.059,1667.8946101414167
1.06,1667.3337308805185
1.061,1666.8347770479027
1.062,1666.9254649738727
1.063,1667.072070933371
1.064,1667.4689200466541
1.065,1667.5206292526914
1.066,1667.3139537562683
1.067,1667.1218410396837
1.068,1667.0469077393022
1.069,1667.0774710720843
1.07,1667.1881790926154
1.071,1667.577305496346
1.072,1667.8505824652943
1.073,1667.7267740864386
1.074,1667.1617059311702
1.075,1667.0294651732274
1.076,1667.12385540287
1.077,1667.302569858769
1.078,1667.6292045060295
1.079,1667.8217809680546
1.08,1667.8288122547724
1.081,1666.9707856519599
1.082,1666.9814530945173
1.083,1667.0420943086783
1.084,1667.0209530711395
1.085,1667.0488766560907
1.086,1667.0990677226655
1.087,1667.285467675264
1.088,1667.2626130642302
1.089,1667.2012391017338
1.09,1666.8527981478128
1.091,1666.7186018899588
1.092,1666.749568382344
1.093,1666.760905806168
1.094,1666.54407127662
1.095,1666.5565993050054
1.096,1666.5436360685521
1.097,1666.4748682635527
1.098,1666.5020886612847
1.099,1666.5666814748397
1.1,1666.608872963223
1.101,1666.5426486283022
1.102,1666.5871972272453
1.103,1666.4799173145138
1.104,1666.2867173006316
1.105,1666.271447938212
1.106,1666.3326094073777
1.107,1666.4807210796826
1.108,1666.6332259603587
1.109,1666.5495296119789
1.11,1666.3868289731167
1.111,1666.2688045079317
1.112,1666.1098097513554
1.113,1666.0536312416289
1.114,1666.2336529606168
1.115,1666.1105110147118
1.116,1666.045202198975
1.117,1666.2141531241418
1.118,1665.8953056416663
1.119,1665.9244618684202
1.12,1666.717165398847
1.121,1666.68383707273
1.122,1666.856740031134
1.123,1666.7206126381934
1.124,1666.874539612375
1.125,1666.8592014411147
1.126,1667.1131521672928
1.127,1667.2780854485704
1.128,1667.4943528188328
1.129,1667.6729460024821
1.13,1667.706949604747
1.131,1667.5042745487758
1.132,1667.2980100073673
1.133,1667.3841201741243
1.134,1667.3414952155254
1.135,1667.368354043957
1.136,1667.4444512224968
1.137,1667.4661076010098
1.138,1667.592903353498
1.139,1667.7227588319047
1.14,1667.7684813265314
1.141,1667.8357930437578
1.142,1667.7996572130805
1.143,1667.7940405609384
1.144,1667.9083057526718
1.145,1667.8694843282992
1.146,1667.8614200497482
1.147,1668.1398482668628
1.148,1668.0738823454844
1.149,1668.0842317728625
1.15,1668.0899619125553
1.151,1667.7091158807589
1.152,1667.7382961502767
1.153,1667.8283962821197
1.154,1667.83479868952
1.155,1667.682202097155
1.156,1667.5768669388144
1.157,1667.2054527933733
1.158,1667.4357739730335
1.159,1667.7311965782278
1.16,1668.47545877713
1.161,1668.7347125541114
1.162,1668.7157000809407
1.163,1668.3109810172223
1.164,1668.0405999538102
1.165,1667.7359545541312
1.166,1667.5788228782162
1.167,1667.8168203125688
1.168,1667.7812258342974
1.169,1667.5842639216694
1.17,1667.3958677137844
1.171,1666.9668762747729
1.172,1666.5135556300056
1.173,1666.654955084975
1.174,1667.0714741214256
1.175,1667.4373523995846
1.176,1667.3846001691145
1.177,1667.202821713147
1.178,1666.8027945927333
1.179,1666.5774002094304
1.18,1666.491243863814
1.181,1667.292387276767
1.182,1667.4032936674398
1.183,1667.4887386850196
1.184,1667.587405580558
1.185,1667.538178847286
1.186,1667.4154098706526
1.187,1667.4051743451741
1.188,1667.4921767505084
1.189,1667.579267303513
1.19,1667.9555658483964
1.191,1667.9449040170052
1.192,1667.9575873480971
1.193,1667.9184791555876
1.194,1667.814537892942
1.195,1667.8146732780315
1.196,1667.802003044449
1.197,1667.7761570050416
1.198,1667.7460036565185
1.199,1667.7050163201707
1.2,1667.728728633664
1.201,1667.7740377706036
1.202,1667.6830393147166
1.203,1667.661465437459
1.204,1667.6703793641918
1.205,1667.9183998554622
1.206,1668.147915070218
1.207,1668.1933404166616
1.208,1668.2857056332364
1.209,1668.3897867361093
1.21,1668.5405307981755
1.211,1668.507479728802
1.212,1668.608009794073
1.213,1668.6897918348295
1.214,1668.7401558583397
1.215,1668.4856482468635
1.216,1668.0087904743536
1.217,1667.3108739248396
1.218,1666.9916143321639
1.219,1667.0244978660858
1.22,1667.1515505150987
1.221,1667.225565667928
1.222,1667.2091087461995
1.223,1667.409156854675
1.224,1667.2199772958302
1.225,1667.2241460524842
1.226,1667.0801499534873
1.227,1667.1387422376483
1.228,1667.147880646633
1.229,1667.3899287619074
1.23,1667.3498837985599
1.231,1667.2826916718063
1.232,1667.1532740970788
1.233,1666.9660026946572
1.234,1666.9095677862092
1.235,1666.9355339774752
1.236,1666.98101687915
1.237,1667.0763668593427
1.238,1667.1498873071487
1.239,1667.1903767284134
1.24,1667.1195706371418
1.241,1667.0116285676963
1.242,1666.991980222415
1.243,1666.988057265969
1.244,1666.924032550436
1.245,1666.8916153340256
1.246,1666.888809132227
1.247,1666.7534929638632
1.248,1666.8783687031828
1.249,1666.8996738287929
1.25,1666.861542057131
1.251,1667.198013907744
1.252,1667.1097076109713
1.253,1667.0482690844538
1.254,1666.889888077087
1.255,1666.8946950868008
1.256,1667.060967997842
1.257,1667.466419660691
1.258,1667.6300951602975
1.259,1667.588709616335
1.26,1667.3168204797034
1.261,1667.2458398924155
1.262,1667.2195615977812
1.263,1667.64181849644
1.264,1667.6816244988122
1.265,1667.6461285319415
1.266,1667.5380328477122
1.267,1666.966570417655
1.268,1666.8363046194381
1.269,1666.6758463622787
1.27,1666.8092914245171
1.271,1666.8290167414652
1.272,1667.2150633793308
1.273,1666.1252149233183
1.274,1665.887374653791
1.275,1665.3907106669935
1.276,1665.4238975259163
1.277,1665.6779692540663
1.278,1666.0335080973919
1.279,1666.0637703593757
1.28,1666.0080589855265
1.281,1665.7769991048222
1.282,1665.5487298220205
1.283,1665.5236781032231
1.284,1665.6493496059247
1.285,1665.892141391797
1.286,1666.0271430194875
1.287,1666.1279356702044
1.288,1666.0716959853198
1.289,1665.9656981432718
1.29,1665.9780294577108
1.291,1666.2129104035548
1.292,1666.2828868966499
1.293,1666.296137867088
1.294,1666.313338894607
1.295,1666.326482810061
1.296,1666.3319822992994
1.297,1666.4457353385192
1.298,1666.4571496170734
1.299,1666.450450238186
1.3,1666.3634918314115
1.301,1666.277927235647
1.302,1666.3228802203062
1.303,1666.3961823993154
1.304,1666.5788930503154
1.305,1666.615739468683
1.306,1666.5201639570068
1.307,1666.3184154211776
1.308,1666.2772727267343
1.309,1666.3042603785207
1.31,1666.3822010415229
1.311,1666.6774598754282
1.312,1666.7825517207307
1.313,1666.8141940700862
1.314,1666.5481678133156
1.315,1666.4308450966764
1.316,1666.4626989532462
1.317,1666.7312981415262
1.318,1666.9770136104862
1.319,1666.9059543952794
1.32,1666.992614715733
1.321,1666.8221139519865
1.322,1666.8105374909792
1.323,1666.769150758585
1.324,1667.1678490716758
1.325,1667.328670898978
1.326,1667.442709523324
1.327,1667.4214272721401
1.328,1667.2423797170104
1.329,1667.0231753669727
1.33,1666.9127584095158
1.331,1667.1426381669735
1.332,1667.4370935407214
1.333,1667.6496191760866
1.334,1667.6711863465057
1.335,1667.6791904113643
1.336,1667.7002693103277
1.337,1667.7493882524636
1.338,1667.78343129847
1.339,1667.7999204398002
1.34,1667.9514436830073
1.341,1667.9547072696291
1.342,1667.9712948504211
1.343,1667.939186886957
1.344,1667.9257040073767
1.345,1668.021321615659
1.346,1668.0108019951763
1.347,1667.9138938775059
1.348,1667.8867675650254
1.349,1667.8996671785799
1.35,1667.9895124524314
1.351,1668.0594873061373
1.352,1668.1565168974876
1.353,1668.0852467226541
1.354,1668.1463941606448
1.355,1668.1398629362188
1.356,1668.1596107839605
1.357,1668.1470308275734
1.358,1668.1080041507553
1.359,1668.1037585649792
1.36,1667.9935531589203
1.361,1667.965888540975
1.362,1667.944079775099
1.363,1667.8494953746858
1.364,1667.8888481172735
1.365,1667.9507722981557
1.366,1668.0245119897086
1.367,1668.16892894102
1.368,1667.9439809862329
1.369,1668.3028498124504
1.37,1668.3040876154537
1.371,1668.4542752640368
1.372,1668.3503751850535
1.373,1669.3334632096517
1.374,1669.3030670864541
1.375,1669.3777085403058
1.376,1669.3770306035562
1.377,1669.039754744117
1.378,1669.0914222180909
1.379,1669.1600888291719
1.38,1669.2146902907434
1.381,1669.3181253411826
1.382,1669.350815862927
1.383,1669.245707529336
1.384,1669.2442030310003
1.385,1669.2305880395356
1.386,1668.058779703474
1.387,1668.0297333122426
1.388,1667.990608017451
1.389,1667.9799898643123
1.39,1667.9905847120262
1.391,1667.8624926529346
1.392,1667.833731380042
1.393,1667.870768124741
1.394,1668.1061976457586
1.395,1668.106405081298
1.396,1668.1101203213766
1.397,1668.013753322276
1.398,1668.0267709207947
1.399,1668.0280803640812
1.4,1668.0535320158456
1.401,1668.1524095755103
1.402,1668.2804234932669
1.403,1668.378474966451
1.404,1668.43584483296
1.405,1668.3769426927502
1.406,1668.5098398888686
1.407,1668.6258871136597
1.408,1668.6204440272431
1.409,1668.581158447735
1.41,1668.7458798538196
1.411,1668.6697859446554
1.412,1668.7731099037715
1.413,1668.7646422640687
1.414,1668.7285082250723
1.415,1669.1108811910458
1.416,1669.4136859157952
1.417,1669.5947050595073
1.418,1669.604498584175
1.419,1669.5860023092769
1.42,1669.1779695964906
1.421,1669.3751947218848
1.422,1669.094194863696
1.423,1669.0009509396596
1.424,1668.6733624772105
1.425,1668.4468586860112
1.426,1668.4004466396218
1.427,1668.41804657818
1.428,1668.3952059681983
1.429,1668.5386949417148
1.43,1668.776549840355
1.431,1668.9251440465518
1.432,1669.1185575069912
1.433,1669.135111249247
1.434,1669.1776006164228
1.435,1669.1212050967733
1.436,1669.077774042526
1.437,1669.1567436611308
1.438,1669.1816809823663
1.439,1669.1576646356966
1.44,1669.0753943308155
1.441,1669.0922485244305
1.442,1669.0425818670228
1.443,1669.00980844601
1.444,1668.9316608859258
1.445,1668.7649715291473
1.446,1668.7574286790277
1.447,1668.3665966189023
1.448,1668.3481216090177
1.449,1668.3712882626396
1.45,1668.471988930772
1.451,1668.4904728758397
1.452,1668.4966763454336
1.453,1668.616191721927
1.454,1668.6719797223946
1.455,1668.798626079354
1.456,1668.5480974105362
1.457,1668.5119885797653
1.458,1668.3676686225026
1.459,1668.2139564241365
1.46,1667.9374674301093
1.461,1667.6524014022616
1.462,1667.4557675270648
1.463,1667.4703050832763
1.464,1667.4662341165454
1.465,1667.560169429138
1.466,1667.5306170656731
1.467,1667.6618355205133
1.468,1667.771202067603
1.469,1667.7060957371973
1.47,1667.6211584853963
1.471,1667.771831858609
1.472,1667.723229616944
1.473,1667.6679971179474
1.474,1667.5581685158172
1.475,1667.2371099366296
1.476,1666.9845919030518
1.477,1667.2545518841657
1.478,1667.2249297850935
1.479,1667.437674271799
1.48,1667.738558834379
1.481,1667.7878923142066
1.482,1667.8200829720622
1.483,1667.7470790791776
1.484,1667.7532607005232
1.485,1667.6967046706122
1.486,1669.002136624973
1.487,1668.9953724059524
1.488,1668.977011012259
1.489,1668.935468097587
1.49,1668.774417844737
1.491,1668.6184706639565
1.492,1668.5269882497605
1.493,1668.5074813580427
1.494,1668.3599805788372
1.495,1668.3492620690922
1.496,1668.3480655312005
1.497,1668.3992760279402
1.498,1668.4117426485668
1.499,1668.4269024833025
1.5,1668.3725576318302
1.501,1668.3138303599771
1.502,1668.1988817353786
1.503,1668.1866877705893
1.504,1668.291094649056
1.505,1668.4941037502558
1.506,1668.5694781915654
1.507,1668.6348142687148
1.508,1668.1450540633546
1.509,1667.9358900232874
1.51,1667.6658979810436
1.511,1667.598464721034
1.512,1667.4053795385425
1.513,1667.3914526255326
1.514,1667.3018488605476
1.515,1666.857652339018
1.516,1666.5622147856598
1.517,1666.4126492522532
1.518,1666.4112510347013
1.519,1666.5256482266814
1.52,1666.932946157035
1.521,1666.8526687362655
1.522,1667.1128551997926
1.523,1666.9839349492622
1.524,1667.0603239889251
1.525,1666.9942091137536
1.526,1666.8445888657234
1.527,1666.7232842123685
1.528,1666.6296658902702
1.529,1666.470890370601
1.53,1666.427076512428
1.531,1666.499541690006
1.532,1666.3388760217408
1.533,1666.229391427008
1.534,1666.2900998906857
1.535,1666.4440855669063
1.536,1666.5961124563032
1.537,1666.7038058921762
1.538,1666.7390523211143
1.539,1666.7214464537478
1.54,1666.6971036402324
1.541,1666.6193580167655
1.542,1666.603783433351
1.543,1666.6460844977864
1.544,1666.6663752619752
1.545,1666.8469711109733
1.546,1666.8574960661153
1.547,1667.3381223807546
1.548,1667.2690682235639
1.549,1667.215227251308
1.55,1667.1115384809686
1.551,1667.0098189047558
1.552,1666.87488107425
1.553,1666.9170605126878
1.554,1667.1136092809224
1.555,1667.302086396122
1.556,1667.669199751971
1.557,1667.6881813764526
1.558,1667.6797286289657
1.559,1667.6806805102938
1.56,1668.0298565556773
1.561,1668.4116658446842
1.562,1668.591933535727
1.563,1668.3204939204425
1.564,1667.9594956533942
1.565,1667.5124927445972
1.566,1667.2086937552026
1.567,1666.964234372715
1.568,1667.0619174824415
1.569,1667.225438150023
1.57,1667.4384576415446
1.571,1667.408897476615
1.572,1667.2129889348475
1.573,1667.2296352127678
1.574,1667.5568564945602
1.575,1668.0628163149463
1.576,1668.373940250609
1.577,1668.2727326066424
1.578,1668.6220451581644
1.579,1668.1718651161332
1.58,1667.8374309650048
1.581,1667.8694169771643
1.582,1668.0095367990557
1.583,1668.2103719363213
1.584,1668.3106344757011
1.585,1668.3463706672233
1.586,1668.342357395556
1.587,1668.5899556886989
1.588,1668.646868008564
1.589,1668.7950273010974
1.59,1668.9337150621673
1.591,1669.027244739283
1.592,1669.0420884225332
1.593,1669.0055331611375
1.594,1669.142328913399
1.595,1669.1164129388903
1.596,1669.1150048651266
1.597,1669.088189416741
1.598,1669.089762384238
1.599,1669.063265870086
1.6,1669.1207772488156
1.601,1669.1338921119295
1.602,1669.1888684208184
1.603,1669.1058788353525
1.604,1668.926249834209
1.605,1668.818045835551
1.606,1668.882950781836
1.607,1669.10150832495
1.608,1669.6658376937903
1.609,1669.7940550879066
1.61,1669.9753595081047
1.611,1670.138242214437
1.612,1670.1046968301985
1.613,1669.9563586007985
1.614,1669.955437957643
1.615,1670.055332338692
1.616,1670.0765927305042
1.617,1670.0592609618893
1.618,1669.8292165326498
1.619,1669.7126429415553
1.62,1669.70274687369
1.621,1669.761077297314
1.622,1669.6442996719466
1.623,1669.6533640606735
1.624,1669.7000842465586
1.625,1669.9553325149582
1.626,1670.2472628536188
1.627,1670.0276568975032
1.628,1669.956534579656
1.629,1669.8411684049547
1.63,1669.6919811348166
1.631,1669.597471004713
1.632,1669.622576196135
1.633,1669.7110097647528
1.634,1669.7390753822983
1.635,1669.6596021978648
1.636,1669.5382807203378
1.637,1669.40157244781
1.638,1669.4201606150586
1.639,1668.5671258616594
1.64,1668.6244598357007
1.641,1668.643157912455
1.642,1668.660478593944
1.643,1668.5993943025546
1.644,1668.6162565046552
1.645,1668.5963873357005
1.646,1668.5957078509791
1.647,1668.6888526920911
1.648,1668.9297821200985
1.649,1668.9579330415577
1.65,1668.9921638538672
1.651,1669.09616629938
1.652,1669.1885413721234
1.653,1669.1309319914062
1.654,1668.9294644908996
1.655,1668.8284099905982
1.656,1668.9768348719927
1.657,1669.1374896043112
1.658,1669.290053440117
1.659,1669.4199901591242
1.66,1669.2596315224232
1.661,1669.2998859677723
1.662,1669.222473929714
1.663,1669.590411521162
1.664,1669.7107577914435
1.665,1669.8093994938
1.666,1669.8794624328984
1.667,1669.6743087617174
1.668,1669.5448778574369
1.669,1669.1906836153667
1.67,1668.9571781936684
1.671,1668.9683087252051
1.672,1669.0358613952744
1.673,1668.8034929834107
1.674,1668.595322885078
1.675,1668.3002755984016
1.676,1668.377023574601
1.677,1668.5529776728422
1.678,1668.0845273050822
1.679,1668.1918753210916
1.68,1668.173379692434
1.681,1668.1165554198556
1.682,1668.020266972072
1.683,1668.002896138351
1.684,1667.9251832607365
1.685,1667.9637609455312
1.686,1667.8198609194392
1.687,1667.583843533222
1.688,1667.6416171731807
1.689,1667.6329973251136
1.69,1667.6012176539703
1.691,1667.7120044506473
1.692,1667.7745621321824
1.693,1667.75233323863
1.694,1667.6216052360728
1.695,1667.6479295586382
1.696,1667.6481429818764
1.697,1667.5276268926414
1.698,1667.5287343707578
1.699,1667.587478918756
1.7,1667.6410548423582
1.701,1667.6886094510764
1.702,1667.7380783801555
1.703,1667.8237277256799
1.704,1667.826810217567
1.705,1667.7807838642188
1.706,1667.5898576676059
1.707,1667.4427678286402
1.708,1667.4949676432766
1.709,1667.895160765022
1.71,1667.8510660846719
1.711,1667.8839661167954
1.712,1667.9779018503677
1.713,1667.957193123049
1.714,1667.9960739441435
1.715,1667.8750425475969
1.716,1667.8504157748703
1.717,1667.7054678989907
1.718,1667.5613464552284
1.719,1667.3443266169606
1.72,1667.0620926811857
1.721,1667.0694984567313
1.722,1667.1413418864113
1.723,1667.3555648002084
1.724,1667.4573092235273
1.725,1667.335776102395
1.726,1667.1257160415971
1.727,1667.3921197990735
1.728,1667.6358873579325
1.729,1667.7507407652747
1.73,1667.750865177196
1.731,1667.8002515688127
1.732,1667.7948924298803
1.733,1667.6595549932804
1.734,1667.6154287461268
1.735,1667.6039206196765
1.736,1667.735726576932
1.737,1667.7497623374707
1.738,1667.7197888383903
1.739,1668.7435794858811
1.74,1668.7934491859874
1.741,1668.8912406073428
1.742,1668.9035333129432
1.743,1669.003325006569
1.744,1669.0698945087624
1.745,1669.0006230853792
1.746,1668.9991554088274
1.747,1668.9870055548886
1.748,1668.8276996112186
1.749,1668.9050567467548
1.75,1668.98950364251
1.751,1668.9614907612035
1.752,1669.0447175425256
1.753,1669.1127286162723
1.754,1669.2777009712586
1.755,1669.236947662313
1.756,1669.0192761899575
1.757,1668.9081575804362
1.758,1668.7180568146023
1.759,1668.4743055826702
1.76,1668.4620282154287
1.761,1668.3267313875635
1.762,1668.5399440340734
1.763,1668.4641566017017
1.764,1668.7609664833476
1.765,1668.8491527694505
1.766,1668.8642664771605
1.767,1669.1385786390483
1.768,1669.2846989213613
1.769,1669.6851104296884
1.77,1669.5517476211426
1.771,1669.2418209634766
1.772,1668.9595097921278
1.773,1668.7396195503761
1.774,1668.5401434573246
1.775,1668.4735996089557
1.776,1668.4219386851796
1.777,1668.4078655971484
1.778,1668.4973803840612
1.779,1666.4104278204668
1.78,1666.509580525562
1.781,1666.6340896478873
1.782,1666.8360796741695
1.783,1667.0408959020529
1.784,1667.0166767876876
1.785,1666.9658318539732
1.786,1666.9344110822617
1.787,1666.7985228132911
1.788,1666.8526663545704
1.789,1666.8145328875403
1.79,1666.7592673779614
1.791,1666.6837668059234
1.792,1666.6205943107793
1.793,1666.6643246986223
1.794,1666.7780115910941
1.795,1666.8372026650322
1.796,1666.8364085035473
1.797,1666.9661877555718
1.798,1666.9961936335844
1.799,1667.0130342935208
1.8,1666.987890035742
1.801,1666.9678733450219
1.802,1666.9143631863385
1.803,1666.8950028146119
1.804,1667.0293567134686
1.805,1667.21375678418
1.806,1667.4136308515735
1.807,1667.458627220839
1.808,1667.4014129513384
1.809,1666.995675737504
1.81,1666.9041552296285
1.811,1666.7681159477643
1.812,1666.9224163239455
1.813,1666.9243457625776
1.814,1666.9075541496418
1.815,1666.9902692995856
1.816,1666.863802525375
1.817,1666.8406491230567
1.818,1666.9229055627234
1.819,1667.403075102975
1.82,1667.806869079769
1.821,1667.9993570715087
1.822,1668.0411824943485
1.823,1667.8157800389758
1.824,1667.4143071951376
1.825,1667.0918764222256
1.826,1667.0981941974137
1.827,1667.143344677198
1.828,1667.1256963936198
1.829,1667.0192517126366
1.83,1667.0529001212085
1.831,1666.8139130833179
1.832,1666.9828539549148
1.833,1667.2569372393573
1.834,1667.4700451170074
1.835,1667.6331712477422
1.836,1667.5667338853086
1.837,1667.5532832471981
1.838,1667.5113511112436
1.839,1667.3391134915669
1.84,1667.3063016371766
1.841,1667.2533673292814
1.842,1667.2680113361507
1.843,1667.2144854752369
1.844,1667.1341821568822
1.845,1667.1196533620064
1.846,1667.1225638607134
1.847,1667.1060371629133
1.848,1666.9836523138024
1.849,1667.2538802386925
1.85,1667.1653986730657
1.851,1667.1896870133019
1.852,1667.1209229183355
1.853,1667.1204439015637
1.854,1666.9609107578863
1.855,1667.0142057108756
1.856,1667.096001986928
1.857,1667.3196513701896
1.858,1667.6591746237805
1.859,1668.1167799351333
1.86,1668.1058736201057
1.861,1668.188198979797
1.862,1667.7374687221736
1.863,1667.5388174672166
1.864,1667.0291144832167
1.865,1667.0260047672127
1.866,1667.0833429947693
1.867,1666.8728515358766
1.868,1666.4485078402467
1.869,1665.901802066789
1.87,1665.649988737553
1.871,1665.8382450874765
1.872,1666.4052696082167
1.873,1666.8089927084488
1.874,1666.927056325263
1.875,1666.8768899477082
1.876,1666.7395876714481
1.877,1666.5123930163577
1.878,1666.438638087222
1.879,1668.6441912011178
1.88,1668.7579300231646
1.881,1668.8077905969872
1.882,1668.6290159072296
1.883,1668.3502605667122
1.884,1668.3626531801474
1.885,1668.3994000873067
1.886,1668.6358650482848
1.887,1668.9597016651778
1.888,1668.9860457343443
1.889,1669.0141136969523
1.89,1669.027952232199
1.891,1668.9892871604939
1.892,1669.0466461951405
1.893,1669.0472362289738
1.894,1669.1102586493262
1.895,1669.122335230044
1.896,1669.1196048046636
1.897,1669.0857607031207
1.898,1669.1182728690333
1.899,1669.1487754493887
1.9,1669.115670983475
1.901,1669.0962791128686
1.902,1669.0478946410758
1.903,1669.0827626171504
1.904,1669.1279994010197
1.905,1669.1238727745585
1.906,1669.0656509402484
1.907,1669.0681520041585
1.908,1669.0692850144687
1.909,1669.0830885409
1.91,1669.248742206435
1.911,1669.358215578654
1.912,1669.3586730933812
1.913,1669.673689199583
1.914,1669.7046471710742
1.915,1669.438488454322
1.916,1669.1830876935733
1.917,1668.748977136268
1.918,1668.6049326915568
1.919,1668.3467041178583
1.92,1667.9129102725765
1.921,1667.6436473224426
1.922,1667.2943234094937
1.923,1667.202212485804
1.924,1667.298824839209
1.925,1667.6281728223385
1.926,1667.816630363799
1.927,1667.9915610032858
1.928,1666.8590589888236
1.929,1667.0400861062194
1.93,1666.6989000410672
1.931,1666.608467502394
1.932,1666.3184019376476
1.933,1666.1711592778124
1.934,1666.1731567066772
1.935,1666.1653454727852
1.936,1666.2388927828697
1.937,1666.1669669167927
1.938,1666.166025591091
1.939,1666.1796148609337
1.94,1666.2179750753567
1.941,1666.3456994763897
1.942,1666.432231436323
1.943,1666.453982051652
1.944,1666.485665864564
1.945,1666.4917933723937
1.946,1666.4689818745392
1.947,1666.4667574960472
1.948,1666.6724631675897
1.949,1666.3147536080573
1.95,1666.3320569200882
1.951,1666.5529129954334
1.952,1666.9576044080386
1.953,1667.5193393248423
1.954,1668.3024985431448
1.955,1669.1731325188389
1.956,1670.2115665686065
1.957,1671.316780760213
1.958,1672.7046671936546
1.959,1674.2875154981957
1.96,1676.4002344217938
1.961,1678.487391213017
1.962,1680.915009474285
1.963,1683.0919105504786
1.964,1685.4327388619276
1.965,1687.388328383775
1.966,1689.1543247360555
1.967,1690.8382572751038
1.968,1692.322999828103
1.969,1693.2525075490785
1.97,1693.7899882475162
1.971,1693.4222879694157
1.972,1692.3159324029161
1.973,1690.998797379149
1.974,1689.5880110533062
1.975,1688.0695159709198
1.976,1686.0754950527594
1.977,1684.0894080703133
1.978,1681.812003885435
1.979,1679.6713145720719
1.98,1677.5863351722028
1.981,1675.668235146627
1.982,1674.182607939144
1.983,1672.948657633524
1.984,1671.7380025648622
1.985,1670.7582415695174
1.986,1669.7544986794628
1.987,1668.8611750468858
1.988,1668.2665799034826
1.989,1667.9674599339487
1.99,1667.94579773833
1.991,1667.9831724728256
1.992,1667.9949395411527
1.993,1668.0416860613223
1.994,1667.9718750581774
1.995,1667.8155115293675
1.996,1667.8222415573746
1.997,1667.9013306047727
1.998,1667.7847302015616
1.999,1667.7375885034407
